B7V7U9,1
Q9I749,2
Q51390,3,4
Q9HU42,5
Q9HYF1,6,6
B7UVB1,7
A6V7I3,7
O33877,7
Q02K95,7
Q9I0J2,8
B7VAQ6,8
A6V4D9,8
Q02ND8,8
Q9I750,9
Q02N77,10,11,12,13
B7V4X6,10,11,12,13
Q9HV67,14
B7V1E4,14
Q02FU0,14
Q02EP8,15,16
A6UX70,17
Q9HXZ3,18,19,20
Q9I0M7,21,22,11,23
B7V7F8,24
Q9I352,25
Q02KG3,25
B7UV48,25
O86422,26,27,28
Q9HVM7,29
Q9I060,30,11
B7UZH3,31
Q9HW11,31
P29248,32,33,34,35
O52759,36,37
B7V667,36,37
Q02T56,36,37
Q02G05,38,39
Q02LM8,40
Q02UQ8,41
Q9I407,42,43
G3XD46,44,45
G3XCV0,46,47,48
A6UYN3,49
B7V5F3,50,51
P18275,52
Q9HV56,53
Q02FS9,53
P31961,54
A6V0J0,55
Q9HY16,56
Q9I703,57
Q9I742,58,59,59,60
Q9I0A4,61,62,63,64,65
A6UXB5,66
B7VAQ8,67
A6V4E1,67
Q02ND6,67
Q9I0J4,67
Q51389,68
Q9I0A0,69,70
Q9HXZ1,71,72,73,74,75
A6V6F5,76,77
A6VBJ9,78,79
Q9HUK8,80
Q02EN5,81,82
A6VD00,83,84
Q51506,85,86
Q9HT80,87,88,89,90
P22008,91,92,93,94,95
P52111,96,97
Q02JU1,98
B7VBB0,99
Q9I2X0,99
Q02KR0,99
Q02T87,100,101,102,103,104,105,105
Q52463,106,107,11,108,109,110,111,112,11,113,114,115,116,117,118,119,120,11,11,121,122,123,124,124
Q9I3L9,11
B7VAP9,125
B7UWH7,126
Q9HUL9,11
B7V208,11
Q02T85,127
A6UZI3,127
B7V639,127
Q9HWD0,127
Q02IB2,128
A6VAA4,129
B7V5P9,130
Q9HTK0,130
A6V0C7,131
P32722,132
Q9I0N5,133
Q9I513,134,135
Q02SH4,136,136
A6V6S8,137
B7UY35,138
O50175,138
P33642,97
Q9I0I9,139
Q02TY0,140,141
Q9I4L1,142
Q02QY1,143
Q9HYB7,143
Q9HVT7,78,79
B7V024,78,79
Q02FT2,144,144,145,145,146,147,148
Q9HV59,144,144,145,145,146,147,148
B7V1F2,144,144,145,145,146,147,148
P20576,5
Q9I2N4,149,150
A6UZ95,151
B7V1H8,152
O68561,152
Q02QE8,150
P10932,153
G3XD94,26,27,28
Q9I617,154
Q9HUJ8,155,156,157,158
Q02S69,159,160,161
Q9HXB0,159,160,161
B7VBK5,159,160,161
B7V467,162
Q02TT1,162
Q9HXN2,11,163,135,135,164
Q02DS7,165
Q9I6S9,166
Q02FU3,167
A6VD64,168
P38107,169,170
A6VBI8,171
B7V9D2,172,173
A6V707,174,175
B7V1H4,176
P05104,177
Q9I4E9,178,179
B7UX01,178,179
Q9I5U8,180
Q01725,181
Q9HUI8,182,183,184
Q9I4W9,185
Q02IG9,185
A6VEI4,136
Q02UM6,166
B7UV86,186
Q02FS0,187
P95454,187
B7V1G4,187
B7V5H1,188,189
Q02E82,188,189
A6V4E8,190
Q9HT25,11,191,191
B7UVJ3,192,192,193,194,195,196
Q9I3I4,192,192,193,194,195,196
Q02R26,197
A6V1U3,198,199,65
Q02S21,200,201
B7UUT0,200,201
Q9HXE5,200,201
Q9I3P8,202
Q02PG9,203
Q9HZK0,203
B7UYS5,203
A6V1E5,204
A6V325,205
A6VC08,206
G3XCU2,207
P48372,208,209,209,209,209,209,209
Q9HWA7,156,210,211
B7V634,212
Q9HWC6,212
Q02T90,212
A6UZH8,212
Q02K83,167
Q9I3C3,167
A6VDL7,213,214,215
Q02ML9,216
A6UXQ5,217
B7V8C8,218,219,220,221,222
B7V655,223,224
A6UZJ9,223,224
Q9HWE6,223,224
Q02T69,223,224
A6VDX9,225
A6VF46,226
B7VBQ7,227,228,229
B7V3Y9,230,231
Q02U10,230,231
Q9HVA4,232
Q9I3Y3,233,233
Q9I5J6,36,234
Q02TA4,235,236
A6V328,16,237,238
B7V7V1,5,239
A6V1F1,5,239
Q02RA9,5,239
Q9HXZ4,5,239
Q9HTV3,240
B7V5C7,240
Q02EC7,240
P51691,241
Q9HZP5,11,11
P37452,242,243
Q02PH1,242,243
B7UYS3,242,243
B7V3Z2,244
Q9RQ16,244
Q02R73,245
B7V9F6,245
Q9HY25,245
P28812,246,247,248
Q8GQ96,249,108,134,250,251,252,253,254,119,255,256,256,211,156,156,257,258,135,259
A6V727,260,261
A6VEG6,130
A6V7A8,262
Q9HZP9,21
Q9HYH1,263
Q9HV69,264
Q02FU2,264
Q9HWP3,265
Q9I1W5,266
A6VDP6,267
Q02EN8,267
Q9HU56,267
B7V3M1,267
A0A0H2ZHZ4,268,268
Q9HWF9,269
Q9HV78,270
Q9I6M7,271,272,273,11
A6VDB5,274,275
B7V612,276
Q9I5R7,276
B7V669,277
O52761,277
A6UZL4,277
Q02T54,277
P13982,278
A6VBJ8,279
Q02QA7,280
P72173,154
P37321,281
Q9HWT7,282,283
A6V7Z0,284
A6VED8,285
A6VAK3,286
Q02KC0,186
Q9I402,287
O87612,288,289,290,291,292
Q02T81,293
A6UZI7,293
Q9HWD4,293
B7V643,293
Q9I713,217
Q9HV01,294,295
A6V4E7,296,297
A6VD02,298
P43334,299
Q02RB8,300,301
Q9I4K6,302
Q02I77,303
Q9I449,304
A6VBV0,305
Q02I11,306,307
Q9HUB6,308
B7V3G0,308
A6V271,309
O86428,310
Q9I5A5,11,311,312
Q02IQ0,313
Q02FR1,314
Q9HV43,314
Q9I6J9,315
B7V729,316
Q9I3D8,317
Q9I2U8,318,319
Q9I5U0,320
Q02SL4,321
Q02NZ0,322
Q9I016,322
B7UUZ9,322
A6VF17,323
A6V6H6,324
Q8RNT4,325,325,325,326,111,327,327,327,327,327,327,327,327,327,327,327,327,327,327,327,327,327,327,327,327,327,327,327,327,327,327,327,327,327,11,11,11,11,328,329,330,330,330,330,330,330,330,330,330,330,330,331,332
Q02PU7,333,319
Q9HXC7,334
Q9I4G3,335,336,337
A6V333,142
Q02T89,338
B7V635,338
Q9HWC7,338
A6UZH9,338
P47205,339
B7UZI4,339
Q02H57,340
B7UY29,341
Q02I65,341
Q00518,342
A6V2Q6,343
Q9I5W4,344,345,346
Q02R98,347,347
Q9HVH4,206
B7V149,348
Q9HYV6,118,118
Q9HUX3,349,350
Q51371,351
A6V4H5,352,353
Q9I6S8,354
Q02UM5,354
G3XCY4,355
P23189,356,357
Q51466,358
Q02PW9,359
Q9HZ70,359
O87014,235,236
Q6H941,114,114,360,27,28,11,115,115,361,122,122,26,123,123,120,120,121,362,107,107,363
B7UV24,364
Q9HZ66,126
Q02IK5,11,365,365
B7VBN1,197
Q9HY62,197
A6V6C0,217
Q02KT6,261,260
Q9I5Y1,366
Q02P70,367
Q9I1L5,368
Q9I0J1,139,369
A6V616,370,371
Q9I7C4,372,373,374
A6VAC0,180,375
Q02QC9,376,376
Q9HUC8,377,378,379
A6UYG0,380,381,382
Q9HZK8,383
Q9HI36,384
Q9HUN6,385,386,387
Q02FH0,11
Q9HUW3,11
B7V1R2,11
Q9HI37,388,389
B7UY17,303
Q9I540,303
Q9I2W4,21
Q06749,390,391,330,330,330,330,330,330,330,330,330,330,392,392,327,327,327,327,327,327,327,327,327,327,327,327,327,327,327,327,327,327,327,327,327,327,327,327,327,327,327,327,327,393,394,150,395,396,325,11,397,332,150,111,11,11,11,398,329,399,400,401
Q9I676,402
Q9I753,403
Q9I471,404,405
A6VBD9,406
P57707,28,26,27,407
A6V9B2,313
Q9HZK6,408,409
P0A3M2,281
A6UYJ1,410
Q9I3K7,411,11,385
Q02PY1,412
A6VC65,39,38
B7V3F6,11
Q9HUC0,11
Q02EV4,11
A0A0H2ZI93,350,349
P57701,413
Q02TM7,413
B7V7R1,321
Q9HWY1,321
P0DV40,414
A6V7X4,415
B7UVK3,416,417
P23620,418,259
P26841,300
A6V6L2,419
B7UZG1,340
Q9HW19,340
Q9HZ59,412
Q9I2A0,420
Q02QI1,421
G3XCY6,259,418
A6V3C9,422
O69753,423
Q9HWG3,247,248
P57683,424
Q9HXI1,425,426,427
Q02EX9,428
Q9HVS1,429
Q02V57,430
P43898,430
Q9X6V6,431,432
O33422,433
P54292,434,435
Q9HTK8,436
A6VB57,437
A6VAK4,438,439
B7V0H2,206,440
Q02FL3,294,295
B7V5F0,441,442
Q60169,441,442
Q02F72,11,443,444
Q9I534,445,446,447
Q02I83,445,446,447
A6V753,331
P96956,448,449,450,451
A6VF44,452,316,453,454
O87131,455,456
A6VE52,457,457
Q02E84,457,457
P25254,458,458
A6V7H8,459,460
P14608,461
Q9HW91,462,463,464
Q9I0Q7,465
B7V3V0,225
B7V1I3,466
Q9HV37,466
P30819,467,468
Q9I3K1,272,271,11,273
Q9HWT6,469
Q02RM4,470,471
B7UYK0,470,471
Q9HXP3,470,471
Q02ER8,472
A6VBU7,473,474,382
Q9HVM4,382,474,473
Q9I0H4,475,476,477
Q9HYG8,478
A6V3T3,479,480
Q02LF6,76,77
Q9HV46,481,482
A6V1D4,278
A6V291,470
A6V0A3,136
B7V4H7,151
Q02TH2,151
Q9I5U6,151
A6V7B8,25
Q9KGU7,483,484,485
Q02SL1,483,484,485
B7V7R4,483,484,485
Q9I0Q0,486
A6UZY0,324
A6V3B7,487
Q9I489,488
Q51467,489
A6V3E8,490,491,492
Q59647,493
Q9I576,302,11
B7V7G0,494
Q02RC5,494
O82853,494
P22608,495,496
Q02LA5,419
B7V7Q1,497
Q9HWX1,497
Q02SM4,497
Q02H20,498
Q9HT09,499,500
Q02P72,501
Q9HZT7,501
A6V489,502,503
Q9HZ46,504
B7V9H3,504
Q9I7B8,505,378
P07874,320,506
Q9I138,507
A6V1H3,508
A0A0H2ZGV2,429
Q9HUA6,509
B7V3H0,509
Q02H34,339
Q9HT35,323
B7V776,323
A6VCX4,510
Q02R18,401
Q51547,511,511
Q9HXE2,512,513
Q9I310,514,514,514,515,516
Q9HTU7,517
Q9HY69,11,518
A0A0H2ZH12,519
A6VC67,520,521
Q02SH1,522
P0A183,242,86,523,243,32,85
Q02U23,524
Q9HTR0,233,233
Q02U74,525
O07293,44
Q9HW50,526
Q02PG3,408,409
P27726,527,528
Q9I1S2,357,529
A6V1A8,530
Q9HV52,531
A6V6I1,532
Q02QX1,198,65,199
Q02RL6,533
Q9I2N2,11
Q9HUI9,154
A6V9K1,534
Q02RV6,535,536
Q9HXJ5,535,536
A6UZJ2,537
Q9HWD9,537
Q02T76,537
B7V648,537
P09785,538,11,169,170,539,523,32,540
Q02HS5,286
Q9I5G5,286
Q9HXH8,541
Q02IL5,542,543
Q02PD3,544
Q9HZN4,544
B7V159,544
A6V3C8,544
Q02G12,545
P50599,546
B7V0K8,545
Q9HVD0,545
B7V9J1,412
A6V058,485,484,483
P72171,207,547,548
Q9HU15,114,122
Q02G63,549
Q9I6V9,550,259
P16897,281
Q9I2F8,551
A6V0X2,420,552
Q02PI7,553,554
A0A0H2ZGN6,150,555
O33407,556,557
A6V669,558
Q02H08,559
B7UZL0,559
Q9HVY3,559
A6V8S8,560
Q02PK7,142
Q9HZG5,142
B7UXM6,142
Q9I4W3,561
Q9I5U1,562
Q9HZP7,563,564
B7UVT6,565,566
O68822,565,566
Q02R88,508
Q9HTH5,567,207
B7UWI9,535,536
Q9HV71,568
B7V4D9,569
Q9HUB1,570,463,464
A6UZH7,571,572
B7V633,571,572
Q02T91,571,572
Q9HWC5,571,572
A6VCM8,466
Q9HY04,347,347
Q9I0R2,363
Q00517,573,574
Q02N70,465
Q02I63,575,576,577
A6VEI3,578,579
P25084,435,434
Q9I6V6,580,463,464,581
B7UXE2,542,543
Q9XC60,470
P28811,582,583
Q9HYG7,540
A6VCW0,584,585
P18895,586
B7UY63,129
P43335,129
Q02I31,129
P95415,587
A6V1D3,24
Q02RC7,24
O82851,24
B7V3I5,402
Q51434,98
P26275,588,259
B7V796,589
Q02DE9,589
A6VF37,589
Q9HT15,589
O69754,590,591
Q02RY8,566,565
Q9HVX6,265
B7UW11,22,11,21,23
P13981,11
A6VE23,517
A6V0W0,592
Q9I2Q2,593,594,595,596,597
Q9I136,598
Q9HUB4,599
Q02EU8,599
Q02SK9,600
Q9HWY5,600
B7V7R6,600
P11439,601,602,603
A6UZI0,604,605
B7V636,604,605
Q9HWC8,604,605
Q02T88,604,605
Q02RZ9,606
Q9HXG4,606
B7UVS7,606
Q9I1X7,607,608,609
A0A0H2ZKA1,610,611,612,613,614,49,151,615,616,152,617,618,517,619,280,304,620,621,622,171,31,128,623,624
Q02RB4,625
A6V1Q6,622
Q9HZN8,626
B7V167,626
Q9Z9H0,627,142,628,629
P37860,508
P95414,587
A6V3A6,357,356
Q02FV2,614,616
A6VBC3,630
P35483,376,376
P72138,5,631
Q9HT22,632,300,300
A6VD86,633,634
Q02NA9,364
P19072,255,635
Q9HX08,636
A6VCJ9,637,638,639
Q9I466,640
Q9HVM5,641
A6VB75,642,643,365,644
A6V1S1,645
Q9I104,646,11,647
Q03170,475,476,648,281
Q02I61,649
Q9I2N0,650,651
Q9HWZ6,652
Q9HV61,653
B7V6W0,367
Q9HZT9,367
B7V4H3,623
Q02TH6,623
Q9I5V0,623
A6VE54,189,188
Q9I1T4,654
Q59646,655
P49988,656,657,658
A0A0H2ZGR9,656,657,658
B7V2R6,54
Q9I6E0,54
Q02U62,54
P37798,659,660,661
B7V8A9,522
A6V0A6,522
Q9HX23,522
Q9HUM6,662
Q02F80,662
B7V201,662
A6VF42,663
Q9I2C3,175
P13794,664,665
A6VBN0,666,667
Q02IR7,668
Q9I315,669
G3XD61,670
Q02V59,671
Q9I7A5,671
A6VA08,672
A6V1K5,673,674
Q9HUI2,259,418
Q9HUS0,298
B7V1V6,298
Q02FC5,298
Q9I425,675
A6V720,676,677,678
Q9HYB8,679,67,680,681
O34206,156,463,211,682,256
Q02EA7,413
P21482,413
Q02ML8,683
P95458,684
A6VCK1,685,686,160,687
Q9HYZ7,688,689
B7V7X6,688,689
B7UYX5,159,690,691,160
Q9I5G8,159,690,691,160
Q02HR9,159,690,691,160
Q02ED9,617
B7V5B5,617
Q9HTW5,617
Q9I0K4,692,692,692
Q51559,524
Q9I1W9,693,693
O68560,694
Q9I3S1,464,581,210
P0AA24,695
Q9ZFE4,11
Q02K46,187,696
A6V701,697
Q51561,100,101,104,103,105,105,102
Q9HTW3,698
Q02NQ8,699
A6VDH5,59,59
A6VEC8,700
Q9HTX7,701
Q9I748,702,703
B7VAR4,190
Q9I0K0,190
Q02ND0,190
B7V4G6,704
Q51468,705
A6UZI4,706
Q9HWD1,706
B7V640,706
Q02T84,706
Q9HYC0,707
B7UWJ4,707
Q02QX8,707
Q9I2E2,708
P57668,709
Q02K16,710
B7UVI9,710
Q9I3I0,710
Q9I7A8,711
P29365,712,629,713
A6V2V3,714
Q02LE0,324
P20580,715,539
Q9I2V5,716,714,717
Q9HV66,247,246,248
Q9HTH0,718
Q02DW8,718
B7V5T6,718
Q02R27,719
A6VB84,720,721,722
Q02KW3,697
Q9HW26,723,724
Q02KR3,331
Q9I2W7,331
B7VBA7,331
A6V262,173
P24559,495
Q02RA5,407
Q02NB8,725,11,726
Q9I0L2,725,11,726
Q9HTQ2,727,728
Q9I468,154
Q9I4D4,729
B7UWJ3,11,730
Q9HYB9,11,730
Q9I6B7,731
Q02DE1,452,316,454
Q9HY19,150,732
Q9I595,11
A6V0U8,126
Q51416,58,59
A6V3A1,707
B7UZU1,707
Q02PF9,707
Q9HZL0,707
B7V1E3,733
Q02FU1,733
Q9ZFK4,734
Q02RA8,734
Q9I1P2,547,207
Q02RS2,735,5,736
Q9XCX8,316,737
Q02HS3,316,737
B7UYX1,316,737
O54438,11
A6V2Q4,11
Q9I7C1,526,401
Q9I6R6,56
Q9HXH0,473,738,474
A6UYL2,230,231
Q02SJ2,739
Q9HU21,740
P09786,5,741,482
G3XD76,300,11,742
A6V3B9,348
A6VF45,743,744
B7V9Z4,558
A6VCK5,745
Q02H45,31
A6VBC2,746
P07344,747
Q9I6H0,748
Q9I788,749,750
Q9HVR0,751
Q51385,385
Q02RW0,385
Q9I194,752
P06200,753,754,754,302
A6V7K5,755,756
Q02JC2,560
A6VAU7,71,73,74,72,75
Q02F61,80
Q9I3N5,757
Q9I137,701,701
P42514,758
Q9HV35,276
B7V1I5,276
Q02FP9,276
Q02NA3,11,21,22,23
Q9I6A8,759
Q02SG5,612
B7V8B5,612
Q9X6V8,612
A6VE11,240
Q9I3F6,464,210
Q9HV27,259,11
B7VAU6,674,673
Q9I048,257
Q02T86,760,761,762,763,764,764
Q9HWC9,760,761,762,763,764,764
Q02RV3,765,316,316
Q02EZ4,766
Q9I6B4,767
B7V3W7,767
Q02U32,767
A6VCI8,14
Q9HU73,768,769
B7V3K3,768,769
Q9ZN70,770
Q02IC5,771,75,772
Q51422,771,75,772
B7UXW9,771,75,772
Q9I2U1,773
Q51392,774
Q9HUB8,106
Q9HUR2,184,183,182
A6V906,19
Q9HY41,4,3
A6V2W2,775,776
B7V8C4,777
Q9HXC4,778
Q02PH8,779,780,781
Q9HZJ2,779,780,781
B7UYR6,779,780,781
B7UWK9,782,783
A6V0C2,199,474,784,473,473
Q9HUX6,268,268
P45684,34,32,785,35
B7UZJ3,786
Q02H25,786
Q9HVZ8,786
A6VB88,786
Q02EZ9,787
Q9I037,479,480
A6V2H4,788
Q02F45,634,633
Q02QH1,470
Q9HW09,789,790
Q9HZP6,564
P52477,791,792
A6VCH5,270
Q02UC5,315
Q9HXQ0,793,794
Q9HZ68,154
Q51465,795,358
B7V645,796
A6VCL9,176
Q02E64,285
B7V5I9,285
Q9HXY9,625
A6V1D2,797
A6V7Y9,798,798
A6V1F3,799,800
B7V7V4,799,800
Q02RA7,799,800
Q9HXZ5,799,800
Q9I6J2,801
P29369,259,435
B7V6N7,324
Q9X4G0,76,77
B7VA96,76,77
B7V486,154
Q02TR5,154
Q9HUA4,802
B7V3H2,802
A0A0H2ZH52,555,275,21,239,519,385,150,720,722,5,23,632,15,721,803,16,274,11,22
P27017,11
Q02UV9,217
Q9HYC3,271,11
P08280,804,805
B7V1G0,745
Q02FS4,745
Q9HV51,745
Q51368,806
Q9I4C8,807,808
A6VCH9,319,319
Q9I6Z1,6
Q9HY42,590
Q02JB8,405,404
P48632,349,350,809
Q9HTN9,810
Q9I434,126
P19572,811,812
Q9HYT0,150
Q9I0N2,813
Q9I0I4,463,464
A6VCK6,814,815,816,817
A6VCH6,614,616
Q9HU16,818
A6V1G3,777
Q9I3A4,819
Q9I6R0,252,249
Q9I4L0,820
Q9HYQ8,470
Q9HUQ0,821
Q02I76,385,822,823
Q59654,824,825,33
Q05098,349,350
B7UZY8,746
Q9HVW8,746
O87016,655,826,655
P04739,574,827
P43903,828,362
A6UZI2,760,761,762,764,764,763
Q02EZ6,829,830,831
Q9HXQ1,533
A6V125,533
B7UYK8,533
A6V4J2,10,12,13,11
Q9HUE6,766
B7V2P9,832
Q9X4P2,832
Q02U79,832
A6UYD9,832
P20581,175
Q9HVN5,59,833,833,58,60,59
Q9I5Q6,834
A6UZG6,834
B7V623,834
Q02TA1,834
B7V0Z5,772,75
Q9HVS4,429
Q9I740,835
Q9HXT5,456
Q9I6L0,836,150
B7V312,837
Q9I1K1,45,44
A6VDE2,831,829,830
Q9I701,394
A6UZK0,838,839
Q9I5V3,142,840,841
Q9I476,488
P27887,302
Q51548,842,843,124,829,844,118,193
Q51382,314
A6V4E2,845
B7V9S6,654
B7UYK7,793,794
Q02RL7,793,794
Q06198,32,523
Q9HUH4,97
A6VA18,846
Q02TH9,142,840,841
P26994,847,848,849
Q9HYN9,309
Q9I746,11,850
Q9HTJ1,136
B7V5R4,136
A6V102,254,287
Q9HZU0,21
P23205,302,851
Q9HV44,852,853,854
B7V1H2,852,853,854
Q02FR2,852,853,854
A6V0V2,314
S0HPF7,855
A6UZG3,235,236
Q02EH2,856
B7V4H5,180
Q02TH4,180
B7V3J1,472
Q9HU85,472
B7V2Q4,525
Q9I6F2,525
B7UX27,857,858
Q9I4H5,857,858
B7VB84,261,260
Q9I2U7,261,260
Q9HY07,859,67
G3XDA7,860,861
A6V8R1,620
P42805,39,38
P72170,402
A0A0H2ZGB9,247,862,361,361
Q9HTK1,863
Q02R23,864
O87005,865
Q02JG2,130
Q9I423,130
Q9S605,770
B7UVE8,803
Q9I3E3,803
Q02K58,803
A6VBJ7,866
B7V022,866
Q02GV9,866
A6UZG7,867
A6UZK5,868,869
B7V661,868,869
Q02T63,868,869
Q9HWF2,868,869
Q02DL4,562
Q9HVM8,855
Q9HTZ6,870
B7V3U0,870
Q9HXX3,126
Q9RPF2,871
Q9I2A8,249,252
Q9I1E0,56
O30557,872
A6V8H9,873,874,875
Q9I525,270
Q02I93,270
Q9HV58,876
Q02FT1,876
A6VCJ8,876
B7V1F3,876
Q9HZJ3,252,249
Q9I5W0,877,878,879,157,880
A6V9R6,610
P57703,674,673
Q02KR1,881,882,883
Q9HUM8,884,885
P0DMR4,886
Q02DZ3,886
Q9HTL0,837
Q9HWS0,142,887
B7V662,888
A6UZK6,888
Q9HWF3,888
Q02T62,888
B7V0N8,889
Q9HV42,176
Q02FR0,176
Q9HVZ3,21
P39879,890
Q9I1M2,891,892
B7VBM9,268
Q9HY60,268
Q06583,893
B7UWI1,314
Q02NN7,502,503
A6V5Z4,654
A6VF47,894,895,486
Q51455,259
B7V1A3,896
Q9I1V0,371,370
Q9HTC0,897,370
P00099,898,898,436,436,899
B7V8C1,900
P57708,900
A6V1G4,11
Q9HV75,319,319
B7V5L0,901,902
Q02E43,901,902
A6VDP9,81,82
O68282,903,904
Q9I426,493
Q9HV11,905
Q9HWA4,259,435
Q51393,906
B7UY90,11
P43501,259
Q9HYL3,67,67,383
A6V1D0,629,142,628,627
B7V1A6,907,908
Q02FX9,907,908
Q9HVA2,907,908
Q9I4G8,326
Q9HTQ0,97
Q9I398,909
A6VD01,910
B7V0P3,378,505
A6V0A4,274
Q9HU77,402
Q06778,911,44,912,188
A6V0C5,173,172
Q02IB8,913,536,352
Q9I3S3,412
P04131,914
Q02N15,915
Q9I0P5,56
Q02RJ6,916,917,918,919
P09852,515
A6V936,858,857
Q9RPT0,920,921
Q9HV31,256,156
B7V666,922
Q02T57,922
Q9HWF8,922
A6UZL1,922
B7V1V4,83,84
Q9HUS2,83,84
Q9I504,846
P33641,923
P0A145,924
Q02JM2,875,874,873
Q9HZY8,925
Q02DK9,150
Q9HT73,150
Q9I6Y4,926
B7V265,926
A6VDQ9,927
Q9I3N3,258
Q9HU72,302
A6V2N1,504
O33421,928,929,930,437
Q02IQ1,931
B7UXA5,931
A6V9B1,931
Q9I4P5,931
B7V341,932
B7V6T4,201,933,934,935,936
A6UZH2,937
Q59650,781,721,463,450,450,779,720,780,486,938,722,524,464,939
Q9HXU0,75,772
Q9I7C5,940,464,941,524,805,942
Q9HXI4,943
Q03027,243,242,944,944
Q9I702,136
B7VBJ0,55
Q02S84,55
Q9HX95,55
G3XD30,945
A6UX64,889
Q51383,648
Q00515,574,946
Q9I6F6,11
A0A0H2ZDG9,947,948
Q9I068,949
Q9I739,950,951
Q02G92,952,953
Q9HVJ9,952,953
Q9HVW0,191,954,954
B7UVK4,875,874,873
Q02LI9,217
Q02SF5,473,473,784,474,199
Q9HVV2,955
Q9I262,956
P30417,676,957
A6VA73,649
Q9HWH1,423
P52024,958,11
Q02Q74,688,689
A6UZ84,959
A6VCL7,852,853,854
Q9I088,699
Q02QM1,150
A6V0D3,960
B7V346,80
B7V0C8,952,953
P50601,961,962,962,962,962
A6VDI8,106
Q9I4D3,963,808
B7UVG0,696,187
Q9I3F4,696,187
Q9I4L6,664
A6V1N8,719
O52760,964,965,966
Q02T55,964,965,966
A6UZL3,964,965,966
A6VBU6,641
Q9HUK9,180,180
Q9HUF1,787
Q9I3J8,798,798
Q02DE3,499,500
B7V7A2,499,500
A6UYE6,967
B7VAE6,419
Q02MM0,968
Q9I0M4,969
B7UW08,969
Q02NA6,969
Q9HW38,948,947
Q02H78,948,947
P57686,186
A0A0H2ZFV1,431,432
B7V7J4,970
Q02Q95,970
A6V055,321
Q9HWX4,971,321
A6VCX2,972
Q02FF4,972
B7V1D2,270
Q02GV7,78,79
Q9HT10,663
B7V7A1,663
A6VCX3,973
B7VB85,319,318
Q02KT5,319,318
B7V310,502,503
Q9HXF7,610
B7UUU2,610
Q9I2Y2,11
Q9I317,974
Q9I5N9,495
Q02DY9,136
B7UVU3,541
P24562,727
A6VF38,975
Q9HT14,975
B7V797,975
Q02DE8,975
Q9HXY3,976,976,977,978
P34003,255,979,574,292,288
Q06552,980
Q9HU18,981
B7V0Q3,982,983
P08308,984,231,230,985
B7V489,11
B7V0F9,549
Q9HVH7,549
Q9HZ17,708
Q9I4K0,567
G3XDA8,667,986,250,886,11
G3XD51,987
G3XDA3,464,463
Q02GZ2,746
P37799,988
A6V1P0,983,982,470
Q9HWR3,256,989,156,990,991
Q9I574,992
Q9I5W9,993
Q9HUV9,585,584
B7V1R6,585,584
Q59641,994
Q9I291,320
B7V620,235,236
Q9HUU9,995
Q9I0N3,813
Q9I507,128
A6V383,252,249
Q02PH7,252,249
Q9I5Q3,265
P47203,11,11,996
P57698,11,11
P50600,11
Q51373,435,259
Q9I0Q8,973
Q02RD0,627,142,628,629
A6UXP9,130
Q9HVL8,997,316
B7V0A9,997,316
Q02GB1,997,316
A6V6X8,385
Q9I3D1,356,357
A6VCI6,264
P25185,635,998
Q02I17,180,375
Q02QZ6,645
Q9HY84,645
B7UVV5,645
Q9I6V2,464
Q9Z4J7,999,999
P21628,1000,1001
Q9HX40,960
Q02PD2,422
Q9HZN5,422
Q9HZM9,234,36
Q02ES4,402
Q02JF2,11
P14789,1002,1003,1004,136,1005,985
Q9HVX2,1006
Q51473,837
Q02PW7,837
B7VAL8,837
A6V2R4,837
Q9I4X3,248,247
Q51493,450
B7V2P3,1007
Q02U86,1007
Q9I6G1,1007
Q9I1C8,1008,150
B3EWP1,1009
A6V0T8,541
B7V8A7,136,136
A6V990,668
P0DP45,1010,1011,1012,1013
Q9I502,536,352,913
B7UXX6,536,352,913
B7V609,1014
P57112,357,356
Q02PF5,357,356
B7UZU5,357,356
Q02T73,1015
Q9HWE2,1015
B7V651,1015
Q02QJ1,309
Q9HZA3,714
B7VBP9,714
Q02PT4,714
Q9I5G9,1016
Q02RL8,1017
Q9HU55,1018
A6VCV6,11
A6UZF6,11
Q9I163,963,808
Q51487,944,944
P0DPB9,1019
A6V1D8,1020,1021,1022
Q9HUB0,1023
Q51481,1024,1025
Q9I4E3,11
A6V0K2,161,159,160
A6VDI9,1026
Q02ER6,214,213,215
B7V3J3,214,213,215
Q9HVT2,1027,1028,1029
Q9I383,135,134
Q9HU20,156,462,256
A6VF30,632,300,300
Q02QZ8,402
B7UWN0,479,480
Q02NW3,479,480
A6VE49,1030
Q9HUX4,1031
A6V4H3,969
Q02SH7,1032
P38098,1033,1033,5,5
P35818,292,292,292,288
A6UZV3,265
Q9I1W8,1034,1035,1036
Q9HTN2,278
B7V5L4,278
Q02E39,278
A6V8P9,11
Q9I778,66
B7UVV3,402
A6V7T5,1037
Q9HYA4,1038,712
Q9I492,1039
A6VE37,441,442
Q9HVI7,507
A6VBA6,1040
P05695,1041
Q02KH4,1042
Q9I341,1042
Q02G49,206,440
P11720,948,947
P0DTF8,1043
Q9I6K2,412
P24735,1044,1045
Q9HUU5,402,1046
Q9HV32,259,418
B7V3L1,16,15
Q9HU66,16,15
Q02K73,755,756
P11221,1047,136
A6UZK2,1048
Q9HWE9,1048
B7V658,1048
Q02T66,1048
A6VF35,1049
Q9HT17,1049
B7V794,1049
Q02DF1,1049
B7V2Y0,309
B7UY33,649
O50177,649
P22609,1050,1050
Q02NN5,837
Q51472,837
A6V491,837
O86062,832,1051,1052
B7UX15,336,337,335
Q9HT57,1053
Q9HZ62,1054
Q02NB5,1055
A6VAK9,690,691,160,159
B7V665,1056
Q9HWF7,1056
Q02T58,1056
Q02SA6,150
P22610,1057,998
Q9HZ63,11
Q9HVV7,538
Q9HWZ3,68
P96963,11,11,1058
Q9HVM1,305
B7V0A6,305
Q02GB4,305
B7VBN0,719
Q02EM6,927
B7V3N3,927
Q9HU44,927
B7V4H6,1002
Q9I5U7,1002
Q02TH3,1002
Q02T68,839,838
Q9HWE7,839,838
B7V656,839,838
Q02EV1,1026
P72131,947,948
A6V1B5,1059,526
Q9HT18,1060,1061,1062
A6VF34,1060,1061,1062
B7V793,1060,1061,1062
Q02DF2,1060,1061,1062
A6V2H6,1063
B7V7X4,1063
Q9HYZ5,1063
Q02Q76,1063
P57665,168
Q02F67,168
Q02DE4,663
P21627,1001
P06695,1064,1065
Q9HUG9,275,274
P26995,1066
Q51483,1067,610,238
Q9I1C2,1068
P06690,1069
Q02ND1,296,297
Q9I0J9,296,297
Q02K94,114,122
Q02V63,982,983
Q9I1H0,862,248,247,361
A6VD51,662
A6V3I3,367
A6UZI8,1070
Q9HWD5,1070
B7V644,1070
Q02T80,1070
O50174,136
Q9I583,180,375
B7UY78,180,375
B7UYX0,439,438
Q9HWR7,324
A0A0H2ZGW2,429
Q02NN8,1071
B7V309,1071
A6V488,1071
Q9I0A2,1071
Q9I4X0,948,947
P77915,385,1072,448,915
P33663,1073
Q02FF5,995
A6VCX1,995
A6VA05,1074,1075,1076
A6V8R6,88,1077
Q02PZ9,504
Q9I2Q6,385
Q02E04,130
B7VBN4,864
Q59640,11
B7V3G1,599
Q02EU9,599
Q9HUB5,599
A6V1T9,707
A6VDK1,1078
P29364,562
Q02PL5,205
A6V7V8,285
Q9HUC5,59,59
Q02EW3,59,59
B7V3E7,59,59
Q9HU65,1079,1080
P53641,1081,1082
Q9HU53,81,82
A6VBV3,316,997
Q9HT06,743,744
Q02NZ5,125
Q9HUP3,736
B7V1Y3,736
B7V8D2,508
Q04803,259,418
A6V060,600
Q02JZ7,284
Q9I3J9,284
B7UW34,284
A6V1G1,900
A6V0T2,565,566
A6V1A0,1083
Q02RN8,287,254
A6VC64,1084
B7V2T3,530
P43904,1085,1086,1087
A6V910,179,178
Q9I3W9,873,874,875
Q02RB7,7
B7V7U3,7
Q9HXY7,7
A6V1E3,7
Q9HVZ6,1088
B7UWJ2,316,316,765
B7UXW8,672
Q51423,672
Q02IC6,672
Q51567,1089,1090,1091,1092,849,1093,1094,1094,1095,109,755
Q02JM4,417,416
A6V3U3,1096
Q9I4F8,156
A6V4G7,1097
Q02NB1,1097
P65116,1097
B7V1H3,314
Q02E05,863
A6VDH4,1098
Q51485,1099
B7V7U4,1100,300
A6V1E4,1100,300
Q02RB6,1100,300
Q9X6P4,1100,300
Q02FQ6,152
Q9HZ95,257
Q02F98,736
B7UZK2,621
Q02H16,621
Q9HVZ1,621
A6V4P3,915
Q9I465,1101
Q9HZ00,963,808
Q02G28,11
B7V0J2,11
Q9HVE6,11
Q9HUP4,723,724
A6UZ83,704
P02973,574,827
P0A107,242,243,302
A6V1X3,619
B7V608,1102,1103
Q02TB6,1102,1103
A6UX87,1086,1085,1087
A6VED0,278
A6V817,258
B7V147,487
Q9HZM3,487
Q02PE4,487
A6VCM3,152
Q9HTX3,11
Q9HZL1,476,648,475
P47204,1104,1105
P08015,574,827
P11759,1106,28,26,363,27
B7UYW9,286
Q9HZJ8,1107
Q02FQ1,466
A6VDL0,402
Q9HVU8,171
B7V012,171
A6VC68,1108
Q02RB5,204
Q02EH1,870
A6VEW7,316
P18774,827,574
Q9I741,271,11
Q9HYF4,1109
Q02RC2,1021,1020,1022
Q02V73,378,505
Q9I6G2,1110,1110
A6VB79,339
B7V3X6,524
P09591,160,1111,159
A6UZH4,160,1111,159
Q02T82,160,1111,159
Q02TR6,385,1112
B7UZJ8,498
Q9I526,309
B7V2Q5,967
Q02U73,967
Q9I6F1,967
B7V0L5,39,38
P0A142,561
Q9HUW9,832
A6V4G8,1113,1114
Q02JZ8,798,798
Q9I6C8,136
G3XCV2,862,247,361,361
O68283,1115
Q02U08,1116
B7V3Z1,1116
Q9I699,1116
Q9HVC8,1117,206
A6V0W1,535,536
P57702,11
A6V3Q8,125
Q9HT13,1118
A6VAQ5,1119
P23181,973
P0DTB6,967,1120,1121,89
Q9HX72,973
P24734,947,948
Q8GQ92,150
Q51495,1122
B7V7I2,280
Q9HYW6,280
Q9HXM6,735,5,736
B7UXJ9,735,5,736
Q9I4T5,11,365
B7UXF2,11,365
A6V8H8,417,416
P15713,435,1123,827,827,754,754,574,574,357,753
Q9HXY2,1124
Q02QX9,11,730
B7V637,100,101,105,105,103,104,102
O68638,921
B7VA62,217
Q9HVA5,896
Q02EG0,973,278
B7V594,973,278
Q02EY3,684
Q51363,1125,1126
P43336,154
P29370,268,268
A6VEC3,1127
Q9HTN8,1127
B7V5K7,1127
Q02E46,1127
A6V1F5,407
A6UZ94,1002
B7UUU9,401
B7V023,279
Q02GV8,279
Q02R79,150,732
Q9HX33,199,473,473,474,784
Q9HWF4,1128
A6UZK7,1128
B7V663,1128
Q02T61,1128
A6V3D6,626
Q9HVZ5,498
Q59643,397,1129,1130,1131,259,999,999,1132,1133,414,648,156,475,1134,1134,111,655,256,110,989,476,1135
Q51576,235,1136,11
P25061,1137
P80358,1138,1139,1140,1141,1142
Q9HU17,1143
Q9I644,819
Q9HZS1,150
P0DTF7,11
Q9HUN4,728,727
Q51397,944,944
Q9K3C5,929,930,928
Q02KH1,1144
Q9I344,1144
B7UV40,1144
Q02EV2,106
A6UZ90,623
Q51464,1145,1146,1147
A0A0H2ZFK2,334,781,780,779
A6UYW4,11
A0A0H2ZGJ4,121,361,247,862,1148
B7V1S8,972
Q9HUU8,972
A6UXT7,926
Q9LCT3,642,644,365,643
B7UZI1,642,644,365,643
Q01602,324
Q9HXB1,11
A0A0H2ZGN2,429
Q51553,524
Q9I3H7,1149
Q9HYL7,150
B7VB54,832,1051,1052
A6V1C2,300,742
Q02FG6,585,584
Q9XCL6,319,333
Q9HV68,733
G3XD24,462,463,464
P23926,1150,1151
Q02SH2,11
Q51551,402
Q9HZ67,253,1152,629
Q02PC5,626
Q9HXY8,204
B7V7U5,204
P06689,86
P0DTF4,59
A6VA07,1153
Q9I6B3,410
P38100,253,1154,584,661,661
Q9HUW6,464
Q9I7A9,1155,1156
Q03025,792
Q9I3J5,1157
Q9HTX5,1158,1159
Q9HV40,1160
Q02FQ4,1160
B7V1I0,1160
A6VCM5,1160
A6UX84,671
Q9I0M6,352,353
B7UW10,352,353
Q02NA4,352,353
Q9HZQ8,1161,1162
Q02PA2,1161,1162
Q02RX8,541
A6VDJ0,308
Q02UW5,130
Q9I719,130
A6VA58,822,385,823
G3XD01,300,300
B7V9E0,960
Q9I1M0,1163,988,1164
B3EWN9,1165
A6V730,1002
A6VEZ4,1053
Q9I745,1166
Q51546,150
Q9HVY2,1040
Q02H07,1040
B7UZL1,1040
Q9HVI1,518
Q9HTM2,1167
Q9I5I9,1168,1169,175
P45683,11
Q02R96,11
B7V8C3,11
Q9HTF1,1170
Q9I472,1171,1172
Q9I6Q8,50,1173
Q9HV00,1174
A6VDR3,1175
Q02EM2,1175
Q9HU41,1175
B7V3N7,1175
B7V5D7,517
B7UYP4,619
Q9HYF3,619
G3XCX3,495
Q9HX91,1176
A6V2T9,333,319
B7V1D6,319,319
Q02FU9,319,319
A6VAK1,915
Q9HWC4,1177,224
P21175,821
Q03268,1178
A6V9E9,542,543
O54439,361
Q9I2S7,1179,1180,1181
Q9I0L7,1182
A6V4G5,1182
Q02NB3,1182
B7V7U6,625
Q9I587,50,1183
A6V3N9,1184,1185,1186
B7V9K9,1184,1185,1186
Q9HZZ2,1184,1185,1186
Q02P14,1184,1185,1186
B7V8A3,1032
P95453,59,58,1187
Q02EQ6,768,769
A6VB55,340
A6UZK1,1188
Q9HWE8,1188
Q02T67,1188
B7V657,1188
Q51375,1055
A6V7A7,1042
Q9HZE0,1189
A6V382,779,780,781
G3XD43,574,1190
Q9I3A8,460,459
Q02K99,460,459
Q9I452,180,180
P35482,886
Q9HYR9,773
A6UZJ6,1191
Q02T72,1191
Q9HWE3,1191
B7V652,1191
Q9I1F6,1192,1193
P57109,1194,11
Q9HUW0,46
Q9HW51,11
Q02KU5,59,58,1195
Q9I2U0,59,58,1195
B7VB75,59,58,1195
A6V718,59,58,1195
Q9I203,751
Q9I5L6,1119
B7UZ17,1119
P52112,1196
A6V3L5,824
P32482,324
A6V2F6,970
A6V915,217
O68823,1197
B7VB77,677,678,676
Q02KU3,677,678,676
Q9I2U2,677,678,676
P11436,173
A6UZF5,276
P72139,927
Q9I614,11
A6VBA5,559
Q9HU92,1198
Q02R10,622
Q02IZ4,337,335,336
P15025,1199
A6VEV6,613
Q9HT88,613
B7V719,613
Q02DM7,613
Q51508,539
Q9HUW1,257
Q9HY08,218,220,221,219,222
Q9HWB8,11,11
Q9HYB5,707
Q9HTY6,225
Q02Q08,1200
Q9HZ39,1200
B7V8H0,1200
Q02FT0,638,639,637
Q9HVG4,440,206
Q02T64,1201
B7V660,1201
A6UZK4,1201
Q9HWF1,1201
Q02F84,1202
B7V1Z7,1202
Q9HUN0,1202
A6VD47,1202
Q9I5V7,704
A6UZJ4,1203,737
Q02T74,1203,737
Q9HWE1,1203,737
A6V6Z8,1052,1051,832
Q9HX97,1204
Q02MI4,1205,1206,150
Q9HW93,462,463,464
Q9I2U6,1207,1208
B7VB83,1207,1208
Q02KT7,1207,1208
Q9HYR2,1209,1210
Q02QG7,1209,1210
B7V4R0,1209,1210
B7V0L1,1211,1212
Q02G09,1211,1212
Q9HUW5,11,647,646
Q02EU0,509
Q9HZ55,234,36
B7UW25,304
Q02JD6,304
A6V8R5,304
A6V1N9,197
O85732,982,983
Q9HYL1,351
B7V0B0,1213
Q9HVL7,1213
A6VBV4,1213
Q02GB0,1213
Q51507,253
A6VC62,1214,1086,1215
Q9I0F2,1216
P33640,36,234
Q9I0S1,915
Q51342,11,285
Q9I2J9,423
Q9HV30,85,86
Q9HVX0,154
B7UW72,258
Q02JW1,258
Q02L18,1003
Q9I5Q5,867
Q9HV77,614,616
Q9I1L4,1217
Q9HVL9,1218,278
B7V0A8,1218,278
Q02GB2,1218,278
P22567,574,269,278,973,136,1219
Q02IC9,1076,1074,1075
Q51426,1076,1074,1075
B7UXW5,1076,1074,1075
B7VAB2,324
A6V1A1,1220,11
Q9I7C2,157,158,1221,155,156
Q9HU36,615
Q02EL6,615
A6VDR9,615
B7V3P2,615
Q00516,1222,574
G3XD97,1223,1192
A6V2Q8,126
A6VA16,536,913,352
A6VDR0,927
B7V3N4,927
Q02EM5,927
Q9HU43,927
Q9HWX6,1155
Q9HZU3,21
A6VB97,621
B7UVF9,1037
Q9I3F3,1037
Q02K47,1037
Q9I3D2,1163,988,1164
A6VDN5,15,16
Q9I6D1,274
B7V2S6,274
Q02U51,274
Q02SH3,274
Q9HX21,274
B7V8A6,274
B7UV15,725,11,726
B7V5M2,285
A6VDH2,377,379,378
Q9I190,1205,1206,150
A6VCR3,294,295
Q9I626,751
Q9I2H6,973
Q02LJ2,1224
A6VC02,549
B7V7F7,797
O82850,797
Q02RC8,797
B7V2C0,166
A6V0D2,801
Q02ET9,1078
Q9HUA5,1078
B7V3H1,1078
Q9HY72,622
B7UUV7,622
Q9HZZ1,1225
Q02U07,244
A0A0H2Z7X0,463,1226,516
Q03026,1227
Q9I5U3,1228,1229,11
Q9HU93,11,271
A6VBW1,1230
Q02GA3,1230
Q9HW04,1231
Q02U58,380,382,381
B7V2S0,380,382,381
A6V2E4,280
B7UW21,620
Q9I445,620
Q02JE0,620
A6VB98,191
Q9I424,1067
Q51480,11
Q06579,486,1232,1233,420,1234,1235,1236,1136,289
Q9HUF7,11
B7UYX2,1237,1238
Q02HS2,1237,1238
Q02J09,178,179
Q9HYL2,1095,1239,1093
Q9I558,246,248,247
G3XD12,97
Q9HXN1,254,287
P26993,254,207
A6UZL2,37,36
A6VE40,51,50
Q02QW0,782,783
P0C003,595
A6V123,1017
Q9HXP9,1017
B7UYK6,1017
Q02V26,66
B7UXY2,128
Q9S586,1054
A6V8N8,130
B7UX51,567
A6UYU5,162
Q9I609,655,11
A6V4E9,137
A6V7B0,1144
Q02KH3,262
A6V2M1,1200
Q9HU83,213,214,215
Q9HTZ1,1240,1241
A6V7W8,1242,157
Q9HVQ7,666,667
Q9HYF0,1243,97
Q9I0E0,1244
A6V1G8,218,220,221,219,222
A6VDM7,768,769
Q9HWI0,1245,1246
B7UVR5,11
Q9HWC3,1247
O50273,1248
Q9I073,590
B7V9D4,131
Q9I154,6
B7V791,1061,1062
Q02DF4,1061,1062
Q9HT20,1061,1062
A6VF32,1061,1062
A0A0H2ZF87,884
Q9I4E1,820
A6V1V5,783,782
B7UVW8,707
Q02DL7,316
B7UWH3,404,405
A6UY05,354
Q9I3N7,150
Q02PG2,143
Q9HZK7,143
B7UZT8,143
A6UYW0,385,1112
B7V9C9,199,473,473,474,784
P0A134,11
B7UVX0,143
Q9XCX9,1237,11,1238
A6VA50,446,447,445
Q9I1W4,1249,1250
B7V1V5,910
Q9HUS1,910
Q02FC6,910
Q02RT0,1251,1252
Q02DJ3,1053
Q9HVL0,1230
B7V0B7,1230
A6VCE4,896
P29436,894
Q02GN4,610
P14756,916,918,917,919
A6V9L0,185
B3EWP0,1253
B7V5L2,700
Q9HTN3,700
Q9I3N2,1254,757
G3XCZ8,1255
Q9HTB6,1256
Q05097,1257
Q9HZL7,150
Q9HT89,11
B7UZU0,707
Q02PG0,707
Q9HZK9,707
Q9I5Z0,1258,1259,1260
Q02TL9,1258,1259,1260
A6UZ09,1258,1259,1260
B7V4D3,1258,1259,1260
Q9I0J7,1261,680
G3XD23,1262,1263
Q51429,44
B7V3B6,766
B7UWH1,1101
B7VBC3,1248
Q02KP7,1248
Q9HWH8,947,948
Q02S14,12
Q9HXF2,12
Q9I244,160,1264,159,1265,691
Q02FS8,686,687,160,685
A6V1R9,402
Q00983,44
B7UZG3,437
Q02H55,437
P30718,437
A6V2H8,688,689
A6V0B4,1266,385
Q9I2C5,655
Q59635,1035,1036
Q02TR2,11
A6V2W1,229
P52002,1267
Q02H37,644,365,642,643
Q9HUV8,1268,1269,1270
B7UWP0,1096
B7V0S0,747
P57714,33,1271,524
Q9HUY1,356,357
Q02DM0,1272
Q9ZAA1,136
A0A0H2ZDT7,729
Q9HU19,1273,259,47
G3XCX7,1274
Q02KC3,1275
B7UV83,1275
Q51574,44
Q02LX5,654
B7V1T5,11
Q02FE6,11
Q9HUU1,11
Q9X6R0,1276,11
P00106,1165,1165,655,1277,655,655
A6VC51,1278
Q9HUE8,829,831,830
A6VA12,611
B7V419,141,140
Q9I685,141,140
Q9I7B1,11
B7V1H1,1279,1280
Q02FR3,1279,1280
P38103,1279,1280
P34002,428
Q9I744,1281
A6VCJ6,144,144,146,147,148,145,145
Q9I737,11,271,1282,1282
Q02SV2,265
A6UYE4,525
A6UZ93,180
B7V0K1,1278
Q9HVD7,1278
B7VBN2,982,983,470,1283
A6VBV5,1284
Q02FY2,896
O30508,801
Q9I406,11
Q02QV2,1285
Q9HYE3,1285
B7UYN4,1285
A6V1W3,1285
Q01610,948,947
O52762,1036,1035
P17323,1286
P33639,156,256
B7UVI8,1242,157
Q9I3H9,1242,157
O68826,268,268
A6VDW9,870
Q02V78,889
Q9I7C3,889
Q02EB7,517
Q01710,1093,1095
P29811,11
A6VDG0,979
Q9I3F5,1287,714
B7V4I1,1288,538
Q9ZAA0,1289
Q02LD2,1289
A6V6I4,1289
Q02K11,415
Q02MM2,912
Q00982,44
Q9HUI3,259,156,1290,1291,463,256
Q51417,1292
Q02DF6,632,300,300
B7V789,632,300,300
A6VCN1,276
B7V3T9,856
Q02SE8,823,822,385
Q51470,823,822,385
A6V1E2,301
A0A0H2ZJS4,687,910,975,168,876,688,322,410,11,537,138,1293,922,185,102,17,1294,559,357,100,1295,1295,666,176,1296,105,105,11,131,777,1056,1275,274,378,378,50,293,1297,569,199,545,231,1298,1298,700,973,973,982,175,530,1299,356,902,1191,73,1300,663,1017,734,279,212,1111,1100,223,415,913,1289,338,572,55,1188,11,1301,1127,1108,51,10,379,606,278,11,1253,83,301,1002,538,1302,723,526,737,314,314,691,1049,604,765,217,1102,1103,245,7,830,1070,156,1202,837,837,1097,375,599,953,520,508,135,84,927,127,525,406,377,773,37,901,1303,1304,341,1305,1182,834,834,1014,1113,1160,407,1083,972,136,136,1203,639,654,894,1030,870,1306,180,1307,405,315,347,347,1213,1265,12,267,797,36,1308,1309,361,1310,1311,788,1121,277,59,59,561,1184,1211,499,845,13,866,1312,1068,1242,157,230,104,474,638,1185,74,707,793,285,667,72,352,305,784,385,440,473,689,141,1313,839,1314,711,521,404,494,97,161,1315,195,1316,194,1195,1317,226,710,536,536,706,571,58,838,685,1059,686,383,1318,1186,1319,794,744,744,308,1264,206,206,889,1101,1320,747,626,204,487,915,1321,309,1201,143,829,1128,869,160,160,160,160,1048,24,1015,1284,1212,637,743,140,541,1322,1071,969,125,787,535,535,1287,348,319,319,831,983,53,1323,522,724,796,11,1324,1325,1114,544,505,225,868,323,1040,1175,71,59,832,510,318,103,645,298,1084,1326,159,159,159,746,316,316,316,605,1327,1288,888,498,951,78,995,500,497,134,1063,79,101
B7VAB6,1328,385,11
Q02LD6,1328,385,11
Q9I2C0,1328,385,11
Q9I463,560
B7UZY9,630
Q9HVW7,630
Q02GZ1,630
A6VD70,80
A6VF31,1326,1329
Q9HT21,1326,1329
Q02DF5,1326,1329
B7V790,1326,1329
P05384,837
Q06578,1235,1330,243,1331
P50987,50,51
Q9HXJ7,999
P20577,1014
A6V2Q0,412
Q9HXM1,748
B7V800,824
Q02P38,824
P40883,207
A6VF36,1308
Q9X2N2,1332
P06691,1333,1334
A6UYJ9,524
Q9I2T1,175,174
P48246,1335
Q9HVU3,1336
A6UZJ5,1015
Q02EA3,441,442
A6V2R2,359
Q9I1Z9,558
Q02R97,777
Q9HY05,777
Q9HYC7,198,199,65
Q9I6Z9,948,947
A6UY04,166
Q9HTI1,1337
B7V5R3,578,579
Q9HTJ2,578,579
Q59636,1338
Q02RW1,1338
B7UWI4,1338
A6V0V6,1338
A6UZ87,840,841,142
Q02QT6,150
Q9HYF9,150
B7UXT0,534
Q02IH8,534
Q9I4W0,534
G3XD64,1339
Q03456,1340,1341,1342,1343,1151,1002
Q9I6M4,801
Q9I4U2,752
Q00934,259,47,46
Q9ZI86,172,1344,1345,486,486,173,1346,1347,453,1297
B7VAL6,359
Q02UB7,56
Q9I6J1,56
A6VEC6,901,902
A6V485,352,1348,536,576
B7V485,385,1112
Q9I618,385,1112
B7UZK3,191
Q9HVZ0,191
Q02H15,191
B7V3D1,428
B7VAB9,175
B7UW33,798,798
Q9HWH9,895
Q9HXW0,530
Q9HTE9,507
Q9I1Q5,1349
Q02EG1,225
P40882,300
Q03024,150,392
A6VC58,545
Q9I0A3,502,503
Q9HXJ8,316,316,765
A6V0W4,316,316,765
Q02Q78,788
Q51355,281
Q9I234,40
Q9I433,11
Q9I1H3,862,1350,247,1351,361,361
A6UX80,982,983
B7V055,667,666
Q07806,1352,247,731,1353,44,44,1354
Q9HTQ6,285
B7VBQ0,1287
Q9HZA4,1287
B7V7A6,226
Q9HT81,316
Q51391,1355,1356
Q9HZ47,156,256,463
Q02SF0,131
Q9HX37,131
Q9HUG6,1357
A6V1T8,730,11
A6VCE7,907,908
P30720,1314
B7UZG4,1314
Q02H54,1314
A6VB58,1314
Q9RMT1,546
Q9X2T1,400
P95434,1358
Q02JC0,1101
O68877,150
Q02FW7,150
Q51404,50,1183
Q9I738,1359
Q02FS6,1307,1316
Q9HV53,1307,1316
B7V1F8,1307,1316
A6VCK3,1307,1316
Q9HXU7,1360
Q02SS7,324
A0A0H2ZGV7,429
A6VD48,1312
Q02F83,1312
Q9HUM9,1312
B7V1Z8,1312
Q9HZM5,348
Q02JF1,126
G3XDA1,750,749,397
A6V7T6,696,187
B7V9J9,126
Q02PX3,126
O84955,44
P42512,350,349
A6VCY0,11
Q9HTK7,436
Q9HVT8,279
Q02QZ9,168
Q9HY82,168
A6UYJ0,767
Q9I5F3,708
Q9I5U4,1349
B7V0A3,382,473,474
A6V3A2,476,475,648
A6VD52,535
Q02R24,509
Q9RMT3,806
B7VB64,175,174
Q9I1K2,973
B7V3E4,379,378,377
A6VD32,736
Q06062,1361
Q9I0J8,11
Q9HZK1,1362
P29808,1363
Q9HVT9,866
P53593,755,756
B7UVD3,755,756
Q9I6J0,56
P54291,1364
B7UXJ1,1252,1251
A6V705,1365
Q02G19,1278
Q9I6M5,136
A6V1G2,347,347
A6V7S3,803
B7UZW2,699
Q02GC2,855
Q9HXZ6,1366
B7UWL8,205
Q9HZF8,205
Q9X6W6,285
Q02U09,285
B7V3Z0,285
Q9I747,384
Q59649,229
A6V7F4,1275
B7V1T0,510
Q02FF2,510
Q9HUU6,510
B7V6V8,501
P43502,1367
P72151,930,1368,1369
P11724,230,1370,231
B7V0L2,1086,1214,1215
P42807,1086,1214,1215
Q02G08,1086,1214,1215
B7V1D3,614,616
Q02L76,674,673
Q03023,1371,11,1372
Q9HUL4,11,1373
A6VCI7,733
B7V6L2,265
Q59653,1374,231,1375,119,1376,1377,1378,413,230,108,1379
A6UZJ1,1311,1320
Q9HWD8,1311,1320
Q02T77,1311,1320
B7V647,1311,1320
A0A0H2ZGW7,1380,1381
B7V2U0,1059,526
Q9HXW7,1059,526
A6V0S3,606
Q9I0L1,1315
Q02NB9,1315
B7UV14,1315
Q00513,1050,1050,579,578
Q9I1M1,485,484
Q9HY61,719
Q9HZ76,864
Q9I165,1382
Q9HT07,316,452,454
Q53391,1383,11,1384,1385,1386,1232,1374
Q9HYW0,1387
B7V073,1388
A6VBR6,1388
Q02GQ9,1388
Q9HVP7,1388
A6V3A0,707
Q02EV0,308
Q51344,236,235
Q02I59,138
Q9RPF3,871
A6VBV2,278,1218
B7V9J7,343
Q02PX5,343
Q9HZ65,343
A6V924,336,337,335
A6V0C9,822,823,385
A6V082,739
Q02KW6,832,1051,1052
Q9I321,1389
B7V7T3,739
Q9HX02,739
B7UYW8,1304
Q02HS6,1304
P37322,281
A6VF43,499,500
Q02G60,206
Q02RW5,854,1310
B7UWI0,854,1310
Q9HXJ1,854,1310
Q9I0Q1,11,10,12,13
A6VEE4,1317
Q02E25,1317
Q9HTM1,1317
B7V5M8,1317
Q9HXJ2,11,11
Q9HV70,167
O05927,1390,1045,1248,1391
Q9L7T2,380,524,524,324,381,382,397,1392
Q9I2S5,697
B7VB57,697
Q9HXD2,1393
Q02HZ4,1394
B7UYA0,1394
Q9I5A4,1394
B7UWJ8,198,199,65
Q9I4P4,1395,1396
B7V792,1313
Q02DF3,1313
A6VF33,1313
Q9HT19,1313
Q9HVC4,520,521
B7V0L7,520,521
A6VB67,31
P40947,1397
Q02GX6,406
B7V004,406
Q9HVV3,406
P72157,1398
Q02RH2,772,75
P95413,587
Q9HW02,720,721,722
Q02H29,720,721,722
B7UZI9,720,721,722
B7V4H0,840,142,841
P95435,1399
Q02MM1,1400
Q02RW8,126
Q9HXI8,126
B7UVA7,460,459
A6UYL3,285
B7V9C1,385,1266
Q02SG3,385,1266
Q9HX25,385,1266
A6VCK9,187
O68562,1401,1401
A0A0H2ZF83,247,248
G3XD29,829
Q9HZX3,1402,1403,1404
Q02DZ0,579,578
O87125,259,550
P28810,136
Q9I322,1405
Q9HTE3,362,1406
Q9I633,268
Q9RPT1,11,331
P26480,1407,1407,1408,785,32,35,34,1409
G3XD28,1410
P72161,1411
P72174,1412,1413,201,1414,10
A6V4G0,11,725,726
B7VAB7,532
Q02LD5,532
Q9I2C1,532
Q9HVF1,1109
A6V1P2,864
B7UZJ0,1415,1416
Q9HW01,1415,1416
Q02H28,1415,1416
O30372,283,282
Q51566,188,189
Q02IV5,567
P29363,1417,309
Q9I273,217
Q9HU91,402
B7V659,1295,1295
A6UZK3,1295,1295
Q9HWF0,1295,1295
Q02T65,1295,1295
Q02QY3,707
A6UZL0,1056
Q02M20,1418
Q9I5U5,1419
A6V7X3,195,193,192,192,196,194
A0A0H2ZHV3,1031
Q02TG8,1288,538
Q9I767,1054
Q9HVC3,1108
B7V0L8,1108
Q02G02,1108
Q02DG9,323
Q02RW4,314
A6V4H6,11,23,21,22
P04140,255,1420
A6VDW7,856
Q9I541,385,822,823
A6VEA3,285
Q9HXV3,1083
P50598,1421
Q02PJ4,632
B7UXN9,632
Q59633,320
B7UXW6,11,1422,1423
A6VA06,11,1422,1423
Q51425,11,1422,1423
Q02IC8,11,1422,1423
P32977,1041
Q01609,1424
Q02T79,796
A6UZI9,796
Q9HWD6,796
P72154,638,639,637
Q9I4S5,543,542
Q02RL5,1327
Q9HXQ2,1327
B7UZM0,1327
A6V126,1327
Q9I5G4,1304
Q02RX7,1425
B7UVU4,1425
Q9HXH9,1425
Q51372,906,1426
B7V3C7,684
Q51463,1427,1428
A6V1X0,97,1243
A6VDX3,1322,1300
Q02EG7,1322,1300
Q9HTZ2,1322,1300
B7V3U4,1322,1300
Q9HUX1,1429,1430,811
A6UZJ8,1301
A6VDZ9,617
Q9HXD6,411,11,385
Q9I4Z4,664
Q9I2L4,137
Q02L30,137
B7UVH9,285
Q02K26,285
Q04633,285
A6VDK0,509
Q02EW8,245
Q9HUD0,245
B7V3E2,245
Q9I4U3,1431
A6UX98,747
Q9HWE4,1293
Q02T71,1293
B7V653,1293
A6UZJ7,1293
Q02F79,535
Q9HUM5,535
B7V202,535
Q9I3N1,709
A6V124,793,794
A6V1I9,245
Q02PX7,11
Q9I047,1096
Q02NV3,1096
Q02RB1,1
A6V1E9,1
Q9HXZ2,1
Q9HT70,1008,150
Q02DK6,1008,150
Q02ET8,802
Q9HT05,226
Q02DD9,226
Q9HUH5,695
Q9I1W2,1250,1432,1433
Q9I589,306,307
Q9HYX7,970
Q02KY4,385
B7V649,1309
Q02T75,1309
Q9HWE0,1309
A6UZJ3,1309
Q9HZU2,1434
A6UZK9,1324
Q02T59,1324
Q9HWF6,1324
A6V1T4,707
B7V1E2,264
Q02R25,470,983,982
A6V0Q7,12
P42806,1211,1212
Q9I3W8,416,417
P24474,655,11
Q9I553,577,575,576
K4LAH1,1435,886,1436
A6UYL4,1116
Q9HWG0,1437,1438
A6V365,632
Q9HXT8,550,259
G3XD67,11
P62591,711,188,189
Q9I2E5,419
A6UY93,315
A6VBB6,1248
B7UZY2,1248
Q02GZ8,1248
B7UV38,262
A6UYL5,244
A6VAD3,11
O69078,341,977,977,977,1167,1439
Q02TE1,1440,1441
Q9I106,1442
P53652,1082,1081
Q9I0J6,1443,336,337,11
Q02F21,275,274
A0A0H2ZI72,429
Q02K12,192,192,194,193,195,196
Q9HZM7,1444,1385
A6VCK0,53
B7V9J5,11
A6UYD2,1007
A6V2Y8,1445,11
B7UUY3,1445,11
Q02PQ1,1445,11
Q9HZC0,1445,11
P0DTF6,1446,1447,436
Q9I596,1391,1390
Q02LD3,175
Q02ID8,1448
B7UXV6,1448
Q9I4Z2,1448
A6UZF2,1014
P58040,620
Q02R92,218,220,221,219,222
A6UX86,430
A6V7J7,156,1319
Q9I4V0,895
A6V0V1,854,1310
Q9HWS2,1387
A6V4F9,1315
Q02GC0,29
B7V0A0,29
Q9HXE3,97
B7V1F5,53
A6V2V4,1287
P23621,916,250,156,917,256,919,918,1449,1450
Q9HUF4,1451,1451,628,628
Q9HWE5,1301
Q02T70,1301
B7V654,1301
A6VAE3,1394
Q9HUL3,932
A6V1D5,494
B7V7Q5,1325
Q02SM0,1325
A6V049,1325
Q9HWX5,1325
B7V613,11
Q9I5R6,11
Q02TB1,11
O68281,1452,191
Q9I5Q9,235,236
Q9HTX6,598
Q9HYH5,262
A0A0H2ZJS2,1365,258,3,761,11,1218,39,799,1260,690,763,142,142,649,926,643,297,333,11,1020,772,270,14,1085,852,854,147,1076,237,641,106,1215,817,1280,54,858,722,772,205,136,187,187,174,416,1349,524,278,278,278,484,19,419,561,677,139,485,148,1453,1453,193,704,1086,339,287,243,126,126,459,1153,584,516,1087,579,1248,872,97,29,235,576,576,8,627,38,674,907,1061,628,385,673,483,260,768,691,336,364,385,1144,11,802,856,737,353,671,417,457,457,337,857,167,1096,343,460,190,997,430,473,1022,254,352,1448,678,11,1021,1415,1220,764,242,249,1207,1207,1207,760,352,466,714,755,1279,194,1338,642,1416,145,145,145,908,5,815,130,130,286,1214,422,776,474,625,1246,543,447,736,736,578,7,1348,4,65,261,143,536,731,381,199,676,786,726,632,1394,800,1243,192,814,11,1075,274,11,696,745,11,822,1278,382,873,503,875,822,385,575,932,1060,146,1112,1245,252,816,99,365,385,662,577,428,766,240,452,977,977,592,976,560,11,684,437,81,175,823,823,420,479,11,80,960,296,1445,552,900,1098,762,264,454,965,634,195,1259,1258,160,1238,316,316,316,874,700,720,937,585,725,756,853,735,644,633,16,82,331,841,335,319,75,137,154,402,402,542,1208,1208,1208,238,801,196,11,840,966,964,1061,630,385,707,502,144,144,144,1237,480,1062,1062,967,730,1074,769,380,721,927,771,411,767,775,385
Q9HVC5,1454,1455
Q9I5Q2,74,71,73,72
Q9HX69,259,515
Q9HY23,1456
Q02TB2,276
Q9I0I6,464,1457,463
Q9I4L5,516,1226,463
Q9HY63,470,983,982
Q9HYR3,1458
Q9HXK5,420,552
Q02QB5,1387
Q9I0M1,364
Q9HYD5,782,783
Q02IC7,1153
Q51424,1153
B7UXW7,1153
Q9I6T2,732,150
Q9HX20,136,136
B7V732,562
Q02IY2,858,857
B7V8D1,805
A6V1H2,805
Q02R89,805
Q02PE2,348
A6V681,40
Q9I6S5,1459
A6V389,242,243
Q02EA0,50,51
A6V1N7,268
Q9I2B6,324
Q02PG5,527,528
Q9I1M3,1460,11
A6V6I3,175
P50587,285
Q02E31,285
P25060,1461,1462
Q9I4Z9,611
B7UXX2,611
Q02IC2,611
A6V0V7,385
B7V209,11,443,444
Q9HUL8,11,443,444
Q9HWG4,1350,361,247,862,1148,121
Q9HYT6,201,934,935,933,936
A6VDE4,766
P23747,46,259,47
Q02TI3,704
O30506,150
Q9HU05,253
Q9I0R8,989,516,515
P45682,1003,1463
Q9I4N4,256,156,581
P21184,1368,1369
A6UYF6,54
Q9KGU6,1020,1022,1021
B7V7G3,1020,1022,1021
A6VDJ1,599
A6VC20,440,206
Q9I4N1,1464,1061
Q9I342,262
A6V1E6,625
Q9HTK9,357,1465
Q9HUM0,1253
B7V207,1253
A6VD57,1253
Q02F74,1253
Q02F86,1318,1296
B7V1Z5,1318,1296
Q9HUN2,1318,1296
A6VD45,1318,1296
Q9I6N5,240
Q9I0K9,50,1466
O52658,361
Q9HX79,150
Q9HYI6,1467
A6UYW1,154
Q02F73,11
Q9HYG2,1068
Q9I3I5,415
B7UVJ4,415
Q02LQ6,558
A6VEE1,144,145
Q9HWH2,1468,116
A6VAK6,1237,1238
G3XD47,287
P42378,32,785,35
Q9HZJ5,1469,1469,1470,157,1471,1471
Q9I0F4,1472,1472,1472,1472,1472,1473,1474
B7V411,49
Q9I690,49
Q02TY9,49
B7VA59,1224
Q9I270,1224
Q9HV50,815,814,817,816
Q02FS3,815,814,817,816
Q9HUU7,973
A6V3R3,322
Q02FC7,84,83
P24908,259,524,95,11,435,1234,290
P00282,1165
Q02ML7,1475
Q9HXE4,1476
P28809,1477,207
A6UZI1,100,101,105,105,103,104,102
Q59638,1163,1164,988,988
Q9HV34,1276,11
Q02T96,937
B7V628,937
Q9HWC1,937
Q9HT84,516
Q9I3T5,748
Q9HTZ7,856
Q9I6P3,872
Q9HVD1,1478
Q51575,1479,648,450,450,420,1480,1233,524
Q9HV55,686,687,160,685
Q8KIU8,370,231,435,1481,259,230,1482,1375,181
A6V1F2,734
Q9I0I2,156
Q9HZQ2,298,1483
Q9I469,1484,1485
A6V4G9,364
Q9XCX7,285,438,439
Q9I427,1486,1239
P00392,914,356,357,1487
Q02TB5,1014
Q9I3C5,156,1319
Q51384,1488
A6V6B1,1489
A6VDH0,245
B7V2K4,315
Q06553,1330,243
A6V1P7,401
Q9HTH8,780,779
Q9HYT3,515,514,514,514,516
P95412,1490,587
Q9I5G7,1491
Q9HVV4,1492
B7V8C2,347,347
Q00514,1493,574
A6VD58,11
B7V1F6,686,687,160,685
A6V487,1302
Q9I0A1,1302
B7V190,1302
Q02NN9,1302
Q9I5H9,1494
B7UYZ2,1494
A6VAM7,1494
Q02QU5,1243,97
O31038,1314,729
Q9HX17,1032
P46384,259
Q9I0M3,1495,1496,1497,1498
Q02F66,932
Q9I0J3,1499
Q9HXL8,1251,1252
B7UX89,668
Q51462,668
O69077,1500,629,278
P20574,1102,918,1103,917,916
A6VC42,11
B7V7A5,743,744
Q02DE0,743,744
Q9I3N4,1501
B7V9D9,801
P48247,801
Q9ZIJ1,1502
Q9I6V7,456,455
D4P095,1002
Q9HTN5,902,901
O82852,278
Q02RC6,278
Q9HYV7,1209,1210
Q9HZQ3,1503
B7V4G7,959
Q02TI2,959
Q9I5V6,959
Q02K17,157,1242
Q04804,256,463,1504,156
Q9HZN2,1336
P26276,814,816,817,815
Q02E40,814,816,817,815
Q9I4L4,1505
P33883,1364
B7V0L4,1084
P42812,1084
Q02G06,1084
Q02EX8,979
B7V3D2,979
B7V0N6,942,941,940
Q02V80,942,941,940
Q02L47,423
Q9S508,423
A6VAK2,1304
Q02SE4,960
Q51479,655
Q02QT1,150
Q59637,1506,1507
Q9HWD2,691,160,1265,1264,159
Q9I509,729
Q9HUK1,208,209,209
Q9I2D2,396,398
P38102,865,1508
A6V1U5,700
Q9HYC9,700
B7UWK0,700
Q02QW9,700
P55222,1509,796,1151,1510,33,33,33,390,1150
A6VDY0,278,973
Q9I5U2,538,1288
P20582,1210,1209
Q9HTS5,1030
Q9HUX5,519
Q02DY8,1323,1297
Q9HTJ0,1323,1297
B7V5R5,1323,1297
A6VEI5,1323,1297
A6V0B2,612
P55218,1511
A6VDF5,684
B7UVW9,383
Q9HYB6,383
Q02QY2,383
Q9I733,1512,1513
Q9HU78,1514,1515
Q02RE5,1059,526
Q9HXY5,1516
Q02R99,900
A6UZF1,1102,1103
Q9HXY6,301,300
B7V7U2,301,300
O68799,632
A6UYW3,1384
Q02N79,486
A6VA56,303
P0DP44,1012,1013,1010,1011
Q02SE5,801
Q02RF2,530
Q9HUG8,392,150
Q9HY64,509
B7VBN3,509
Q00512,495
P0DPC1,1019
P26876,524
P21630,150
B7VA51,1489
Q9I263,1489
B7V5M5,144,145
P50597,144,145
Q02E28,144,145
Q9I6Q3,324
Q02GB7,382,474,473
A6VB93,498
P95459,924,1517,248,247
Q9I2S9,1365
B7VB62,1365
Q02KV8,1365
Q9I055,464,1518
Q9R976,44
B7V2C1,354
P42810,11,11,11,11
Q02ME3,1008,150
A6V3B8,618
B7VB28,1303,834
Q02KZ2,1303,834
Q9I2P8,1303,834
A6V6X0,1303,834
Q9F771,188
Q9HYG4,150
B7V2Z1,490,492,491
Q02PB3,490,492,491
Q9HZP8,490,492,491
Q02GS6,667,666
Q02I05,11
Q9HYK9,1519
Q02TL3,569
Q9I5Y4,569
Q9I485,1520,1521
Q02HI0,886
Q02G03,521,520
A6VA22,128
P17838,827,574
Q9LCT6,1246,1245
Q9HU99,97
Q9HZ71,146,146,146,146,146,146
Q9I4N3,46,47,259
A6V3R0,1306
B7UUZ6,1306
Q02NZ3,1306
Q9I013,1306
A6V398,143
A6VA71,577,575,576
B7V188,352,576,1348,536
Q02NP1,352,576,1348,536
Q9I099,352,576,1348,536
P0C2B2,1272
Q9I3N0,1522
B7V7F5,142,627,628,629
Q9I3H5,1523
Q9I4F9,418,259
O50274,11,160
Q02PT3,1287
Q9HXQ6,189,188
Q9HX48,234
Q9HXJ4,592
B7UWI8,592
Q02RV7,592
A6UZJ0,1321
Q9HWD7,1321
B7V646,1321
Q02T78,1321
P14285,1524,1524
Q02HS7,915
Q9I5G3,915
Q9HVZ9,722,721
Q02QK0,173
B7V2X1,173
Q9I011,125
A6V9Z6,1448
Q9I697,1525,1526
Q9HTV1,1061,1527,1528
A6VD59,11,444,443
Q9HYZ3,788
B7V7X2,788
Q02J28,19
B7UWY4,19
Q9I4E6,19
Q9HWF5,1529
A6V628,1433,1432,1250
Q51366,1256
Q9I700,278,1004,1530,986,394,801,118,414,1531,110
Q02PF8,476,648,475
Q9HVW9,1532
A6VDF9,428
Q9HZI3,553,554
A6V1J0,1324
Q02R72,1324
B7V9F5,1324
Q9HY26,1324
Q9I387,1275
B7UZJ9,1298,1298
Q02H19,1298,1298
Q9HVZ4,1298,1298
Q9HVT1,1533
P80357,1140
B7V0Q9,430
Q51494,1480,450
Q9I0I1,259,418
B7V1L9,294,295
Q02V45,747
Q9I036,1165,1090
P14165,1534
A6UZ15,569
Q02J03,217
Q9I4F5,217
Q02ND5,845
B7VAQ9,845
Q9I0J5,845
Q9I4N6,433
Q9I5I6,583,582
A0A0H2ZFV0,1380,1535
Q02LD4,1299
B7VAB8,1299
Q9I2C2,1299
Q9I347,206
Q02R28,268
B7V5G9,457,457
Q51564,457,457
B7V388,274,275
Q02GB8,641
Q9I1L9,356,357
B7V3F8,106
P37726,664,665
Q02TI4,1305
B7V4G5,1305
Q9I5V8,1305
A6UZ82,1305
Q9I6Z2,357,1442
Q02E41,700
P14532,655,1536
A6VDI6,11
B7VB87,1002
Q02KT3,1002
Q9I2V0,1002
B7V3F9,1026
Q9HUB7,1026
A6VCL8,314
Q02PS6,229
Q9HZG0,237,238,16
Q02HS4,439,438
Q9HXE9,1537
A6V1P1,509
P15026,1538
P34750,288,292,809,1539
P14489,44
B7V1G1,814,817,816,815
P07345,309
B7V753,1053
B7V3B1,787
A6VA75,138
B7V3E6,1098
Q02EW4,1098
Q9HUC6,1098
Q9I7C0,11
P38108,1540,1541
Q02V72,17
Q9I7B7,17
B7V0P4,17
Q02PE3,618
B7V148,618
Q9HZM4,618
Q9I467,404,405
P72158,471,1542
P05103,1543,1544
Q02IA6,135,134
B7UXY9,135,134
Q02U31,410
Q02NC9,137
Q9I0K1,137
A6V1T6,143
Q06584,893
P48636,1545,1546,11
Q02HQ1,1494
Q9HVL6,1284
B7V0B1,1284
Q02GA9,1284
Q9HVP8,1547
Q02EW6,377,378,379
Q01269,287,173
A6V726,1207,1208
Q9I755,1548,1549,1550
A6V8T2,405,404
Q02QU2,619
Q9I6P6,302,1551,11
Q9HUJ2,634,633
B7V362,634,633
Q9HXI2,427,426
P21629,1552,150
P52003,1553
P15275,1554
Q9HXV4,1220,11
B7V109,1220,11
Q02RF8,1220,11
Q9I0F3,1282,11,271
Q9HY65,864
A6VDK2,802
P20586,486,1555
Q02DF0,1308
Q9HT16,1308
Q9I351,478
Q9HTI4,207,567
A0A0H2ZIC3,207,567
A6VB85,1415,1416
Q02PS5,776,775
Q9HZA7,776,775
Q02UU0,1556,1557
Q9I4X1,1209,1210
Q9I6Z0,402
A6V187,75,772
A6VCL6,1280,1279
Q9I0J0,139
Q02SF2,172,173
A6VC61,1211,1212
Q9HTD7,50,1183
Q9HWG9,486,486
Q02UT0,926
A6V1R8,168
P42257,464,1518
Q9HZY5,482,481
Q9I0X4,1558
Q02NB0,1113,1114
Q9I0M0,1113,1114
B7UV23,1113,1114
Q9I4P6,313
B7UXA6,313
Q9I3N6,1559
Q02LK0,1489
Q9I636,162
P0DV41,1151,1560,1561
Q02FV3,270
Protein accession,1562
A4XUX7,1563,1564,11,969
Q54SW3,11,124,1565
A4XTM7,1566,1096,1567,11,1568
P17052,1569,1570,11,357,1123
Q4F8H9,1571,11,420,1568,1233,1572
A4XYD6,1573,1574,1575,11,1576,1577,1578,148,1579,146,1580,147,144,145
A4XWU1,1581,11,1582,797,1583
F8SJR0,1584
Q02SZ7,1585,11,1586
Q8KIY1,1587,11,581,256,259,1588,1589,250,1590,1591,156,1592,1593,211,1594
A4XQQ4,559,1574,1595,1596,1597
O68827,1598,11
Q9D154,328,1599,11,1600,1601,1602,1603
A4XP02,517,11
Q0QFQ3,1604,1353,11
A4XQ00,1605,1606,1607,1608,1296,1318,1609,11
A4Y190,1049,1610
A4XPA4,11,1611,1612,231,1613,230
A4XQL6,171,1614
P17836,1615,1616,574,11,827
A4XWT9,1617,1618,278,11,1619
Q56851,11,849
A4XV02,137,1620,1621
B7UV36,11,1622,1623,1624,1625
A4XXV1,254,11,287,1626,1627,1628
A4Y001,1629,1630,731,1626
A4XQV5,474,1631,473,11,1632,1633,1634,1635,1636,1637,382
Q01357,58,1638,11,1639,1640,59
P03623,1277,11
A4XQR2,1641,621,1642,11
Q9AMN9,1643,1644,257,11,1645,1646,1568
A4XZ71,1128,11,1647,1648,1649,1650
A4Y084,1568,1651,1652,927,1653,1654
A4XQA3,1655,1656,11,206,1657,1658
Q54YU6,11
A4XRT0,1636,1448,11
B7VBM8,11,1659,1660
A4XNX7,1030,1661,1662,1663
P25132,11
B1MCE2,453,11,1655
A4XWT0,7,1664,11,1665
A4XPM2,11,1666,599
A4XR57,1667,1668,1597,11,1574,38,39
A4XWE4,11,649,1669
A4XU32,11,1670,331,1671
P25068,1672,11,1045
Q1RE32,912,1673
A4XZ83,1674,1015,1675,1676,1677
A4XSQ1,1569,11,356,1678,357,1570,1679
A4XRA9,11,1680
Q552S0,11,1681,829,1682
P03672,1576
A4XZJ7,1683,11,180,1684
Q86KF5,11,1685,1375,1686
A4XQF5,1687,667,11,666,1688,1689
P10479,1690,1691,1692,1693,11,1694,1446
P00281,1695,11,1696,1697,1165
A4XQN4,1698,1699,1700,11,630
Q8RKT5,11,181
A4XNB2,983,1701,1702,1703,1704,1705,11,982,1706,1707
Q86JI5,1708,11,1709,1710,122,1711,123,121,1655,1712,107,1713,115,361,1714,1715,362,1716,120,1717,1718,114
Q54K09,1719,124,11,1720,1721
A4XZ65,965,1722,11,1723,966,964,1724
Q03611,1725,11,1726,1341,1343,1151,1727,1728
Q19213,1352,1729,1730,1731
A4XXB7,1569,11,1732,1655,97,1733,1243,1734
P03624,11,1735
P03668,1736,288,11,1737,292
Q4W6B5,11,396,1738,398,1739
A4XPM3,11,1740,308
Q8SDC3,1584,11
Q9Z441,1741,285,11,1742
Q01709,11
A4XZJ9,623,11
A4XR61,1212,11,1743,1744,1211
Q54BW1,1655,11,238
A0A0H2ZJC1,11,1745
A4XPF8,11,1746,1747,1260,1259,1748,1258
B1MFK2,11,1749
P08905,984,1626,1750,11,1751
A4Y077,1752,1753,1754,82,81
Q936V7,1755,1613,1756,230,231,1611,11
A4XP32,1757,11,617
P0AFW4,482,1758,1759,11,1760,741
A4XPL2,1761,768,1762,11,769
A4XQT3,1638,642,1763,11,1764,365,1765,644,1766,201,643,1767,1768,1769
Q9I382,1770,1683,11,1638,180
Q02KC8,1770,1683,11,1638,180
A4Y197,663,11,1655
Q9I732,11
A4XYE0,160,11,1771,685,1772,686,1773,1774,1638,1775,1776,1777,687
Q04519,1778,1779,11,1780,1781,1002,1342,1782
P36647,574,11,1616
Q52185,1783,1784,11,450
A4Y036,54,11,1785,1786,1787,1788
A4XXP5,1789,1790,1220,1791,1638,11
A4XVB4,11,1306,1792
Q8I4N4,11,111,414,1793,1132,110,1794,1795
A4XVA3,803,1796,11,1727
Q9HYC5,11
A4XSC1,1797,11,160,690,691,1638,1775,1798,1799,1800,159
A4XZ82,1191,1801,11,1802
A4XS50,143,1803
A4XSZ1,11,375,1683,180,1804
Q9X2A4,1805,1806,278,1807,1617,1808,11
P0DTK4,1694,89,1691,11,1692,1809,1810
A4XWX9,526,1811,11,1059,1812,1813
A4XZ99,1814,1815,1816,1817,11,338
A4XPC6,49,11,1818,1819
A4XXP6,1083,1820,1821,1822,11,1823
A4XNL3,11,1824,1638,1825,316
A4XPW1,1826,1827,634,11,633
A4XTL9,1828,11,480,1829,479
A4XR78,1830,11,1278,1831
Q5A287,1131,11,1832,1833,1834
P25134,851
P24153,918,11,1835,1836,1449,919,917,916
P0DTK3,1837,1838,967
A4XZ79,223,1839,1840,224,1841,1842
P00121,1843,1844,655
Q54TW0,121,1715,11,1710,1712,1655,113,120,1711,1718,361,122,1845,114,1709,1713,1716,1708,1717,115,107,1714,362,123
A4XVX2,1846,1636,319,1847,333,11,1633,1848,1849,1850
A4XTE7,1851,1852,1853,126,1854
A4XTR4,1855,1856,1328,11,385,1568,1857,1858
Q9HT95,11,973,1859
A4XNB8,1860,430,1861
A4XZR9,1862,1112,11,1568,1863,1857,385
A4XWI3,1445,1864,1865,11,1866
F8SJT5,11
Q9HZA6,1867,11,1868,1463,1869,1870,1871
P27392,11
A4XUY4,1872,1182,11,1873
A4XSP4,1874,143
A0A0H5AXT3,11
A4XTW5,1294
A0A0G3FWY4,11,1749,1344
A6V1N6,11,1660,1659
A4XUB9,419
Q8TAX7,11,1875
Q9HWA1,11,1867,1876,1877
A0A0E4AFH6,11,486,1569
Q8T2I8,1878,111,11,1879,1795,1880,1881,1882
A4XXN1,4,11,1883,1884,1885,3,1886
A4XRR7,75,1576,1887,772,1888,1889,1890,1891,771,1892,1893,11
P26496,1894,1749,1407,11
P0DTK7,11,1895,385
A4XUY9,11,1896,1897,725,1636,726
Q9AQM4,524,11,1749
A4XY28,1898,1775,1899,1638,11,1900,765,316
A4XZ62,1453,1901,11,1902,1903
B1MFK1,1569,11,486
P22535,1904,91,1905,1906
Q54U89,11,124,1565
A0A0S0MX59,973,11,1859
A4XS43,1907,645,11,1908,1636,1909
A4Y199,1910,1911,11,316,1638,454,1912,452,1775,1913
P28732,11
A4XU29,99,1914
A4XZ95,1915,11,127,1576
A0A0H2ZC68,11,1868,1867,1869,1463,1871,1870
A4XZ94,1916,11,1917,1918,1919,706
A4XYC5,264,11,1636,1920
A4XWQ0,205,11,1921,1568,1922,1923
Q86I31,1924,1925,11,1374,1379,1377,1926
Q93Q11,1710,1927,252,11,249,1928,1929,1930
O33500,1931,1932,1933,1934,1935,437
Q9XW70,1936,11,1937
A4XVB1,322,1938,11,1939
Q4W4Z2,11,1717,362,1940,1718,1715
Q7Y2C9,11,1941,1626
Q88NI1,463,11,464
A4XZ93,1942,11,1798,1265,1943,1264,691,1574,1944,1945,1771,1775,1638,160,1597,1946,159
A4XS41,1947,1948,11,1949,402
A4XYW8,11,1634,473,1636,784,474,199,1637,1950,1633
Q0JA29,11,111,1882,1951,1952,325,1795,1953
A4XYY1,522,1954,1955
A4XQU8,11,285,1956,1741,1957
Q55GS4,1878,11,1882,111,1795
A4XNB6,1958,1959,11,671
P0DV61,1960,1561
A4XY31,1887,1961,1962,1963,1964,1889,536,11,535
Q0GUM3,1638,1965,399,11
A4XNV9,1741,285,1966,11
A4XYF5,11,1967,854,852,1968,1969,1970,853,1971
A4XYN8,1972,11,1973,926,1949
A4XR60,1974,1715,1975,1215,1976,1214,1086,11,1977
A4Y028,11,382,1978,1979,1980,1981,381,380,1982
Q00593,11,1983,578,1569,579
A4XY81,610
A4XTH9,1144,11,1984,1985
Q7Y2C0,1941,1626,939,1986,1987,11
A4XY67,1655,1988,606,11
A4Y049,1989,1990,1991,832,11,1992
Q5VW38,11,1134
P0A273,243,11,242,1993,1994,1995,1832,1834,1996
A4XPZ8,1202,1997,1998
P42517,1999,11,2000,253,2001
A4XPI7,2002,11,1297,2003,1323,2004,2005
A4XZ92,1771,160,2006,11,1638,2007,2008,159,1111,2009,1945,1775
A4XZK2,2010,2011,11,2012,841,142,840
Q556C6,2013,11,2014
A4XSS7,2015,2016,1708,361,2017
A4XYX4,1887,2018,2019,2020,11
A4XZ76,11,1048,2021,2022
A4XSS4,11,2023,422
A4XYC6,11,2024,2025,14,2026,2027,2028
P03625,289
A4XWS8,204,11
A4XVK6,1741,2029,285,11
A4XV14,11,2030,139
A4XSC0,11,977,2031,2032,976,2033,1585
Q9R9U8,2034,464,463,11
A4XZ67,922,2035,2036,11,2037
A4XPU9,1636,2038,2039,2040,2041,275,11,274,2042
A0A0S0N8M3,1569,97,11
P00436,2043,11,898,2044
Q55A55,11,2045,2046,1795,118,2047,1882,109,110,111,112,1878
A4XV44,1770,11,1683,180
A4XVV4,2048,775,11,776,2049,2050
Q86H31,1376
Q00460,2051,2052,2053,448
P60723,2054,796,2055
P49913,11,2056,2057,1546,2058
P27383,11
P20160,985,1585,11,1586,2059
A4XTK0,11,696,187,2060,1655
A4Y0L7,2061,1575,144,145,2062,11,1578,1574
Q6DLR9,11,2063,1135
A4XZ96,2064,762,11,2065,2066,764,761,2067,763,2068,2069,760
A4XYV5,11,1568,960,2070,2071
A4XUZ0,2072,1315
A4XPF3,141,1715,2073,140,11,2074
P85502,1720,1719,2075
A4XSR3,11,618
Q9N3Q8,118,11,2046,986
A4XSC4,1237,11,2076,1238,2077
A4XWP8,11,1655,16,1657,237,2078,238
A6V7E9,180,1770,1638,1683,11
P17837,11,1616,574,827
A4XPM5,106,11,2079,1795,2080
A4XY05,11,1207,1208,2081,2082,2083,1715
A4XZX0,1636,1683,15,11,16,2084,180,2085
A4XY17,11,735,1636,2086,5,2087,2088,2089,736
A4XS52,11,2090,730,67,2091,2092
A4XN62,2093,2094,1638,11,889,2095
A4XUW4,11,2096,2097,2098,2099,10,12,2100,13,2101,2102
A4XY35,11,2103,2104,385,1568,2105
Q9R9U2,2106,1638,805,2107,2108,1640,2109
A4XTS3,2110,2111,2112,1302
P12019,2113,1106,2114
A4XSC5,1898,2115,316,2116,2117,1638,737,1775,11
A0A0E4AET8,2118,11,1345,1749
H2L0N3,11,2119,397,2120
P08695,2121,2122,2123,2124,302,11
A4XVW2,11,2125,2126,714,2127,2128,2129
W6RJ11,2130,1347,2131,2132
Q9I3M9,11,2133,1867,1877
A4XT11,823,822,385,2134,11,1857,1576,2135,2136,2137,2138
Q09433,11,2139,2140,2141,400
Q93Q12,11,2142,1715,780,779,2143,2050,2144,2145,781
A4Y185,11,300,2146,2147,2148,2149,632
A4XYD7,2150,876,11,2151
A4XY36,11,2152,2153,2154,1338
A4XYE2,1307,2155,1316,2156,11,2157
A4XVY6,2158,415,11,2159
Q37907,1331,2160,1330
A4XND8,613
Q9I4X2,1710
Q8GHM3,2161,2162,413
A4XZ35,2163,2164,1325
P03621,1277,11
A4XWR9,2165,11,2147,407,2166
Q9S3U6,2167,11,2168,394,1796,1727
A4XU74,1185,2169,2170,1184,1576,1186,1839,1840
Q01360,173,11,2171,2172
A4XST1,2173,11,1638,626
A4XS85,2174,2175,543,542,2176,11
D6RRG7,2177
A4Y087,2178,1175,2179,1574
Q7Y2D9,1692,360,2180,2181,11,2182
A4XXQ6,2183,1576,2184,1887,2185,11,772,75,1889
A4XWK1,1636,19,11,2186,2187
A4XV59,1665,2188,11,7
A4XT41,2189,632,2147,11
A4XZ98,2190,1872,605,604,2191,11
P22536,95,2192,94
Q7Y2B9,11
A4XSD1,11,2193,915,1655
Q95VZ3,11,325,2194,1926,1953
Q9Z0E6,11,1638,2195,2196,1531,1530,2197
A4XS60,2198,724,11,2199,2200,723
A4XYV6,801,1854,1852,11,2201,1853
P15276,11,2202
A4XWE7,11,2203,2204,2205,2206,136,2207,2208
Q52028,2209,11,2210,1784,450,1480,1783
P00437,2044,11,899,898,2211
A0A0H3JXA8,1655,11,1031
Q8KQN8,2086,2212,11,251
B7UV78,1638,1683,11,1770,180
A4Y074,267,2213
Q3T4L9,911,11
Q00595,924,2214,11
A4XQL9,406,1638
Q07954,327,2215,2216,2217,11,2218,2219,2220,330,332,2221,2222,329
A4XWS3,2086,2223,5,1638,239,2224,11
A4XZ25,484,11,2225,2226,2227,483,485
A4XZJ5,2228,11,2229,151
A4XQ64,11,1655,2230
A4XZA6,11,937,1885
Q55EX9,11,1655,1384
A4XYB8,1636,11,1846,2231,319
Q55AP8,11,2232,2216
A4XYF7,176,2233,11,2234
A4XYE5,2235,2236,11,816,815,2237,2238,814,2239,817
P0AFS3,2240,11,1715,804
Q9I2S3,11,2241
A4XYH6,11,2242,1885,1394,2243
P25129,11
Q9I2Q0,11
A4XRN4,2244,2245,11,689,2246,688
A4XVN4,2247,2248,1242,11,2249,157,2250
Q3T4N8,11
Q54HT1,193,2251,842,11,844,2046,118,2252,2253
A4XS53,2254,707,11
A4XZB4,11,235,1715,2255,2256,236
A4XQK6,2257,2258,279,2259,2260
P23105,11,2208,2261,2204,2206,136,2207,2205
A4XV57,11,2262,2263,1715,2142,460,459
A4XXT6,11,2264,793,2265,2266,794,1771
Q7Y2C1,11
Q9I340,11,1622,1624,1623
Q9L7P2,2267,2268,401
Q55BZ5,2269,2270,11
Q5ANJ4,11,2271,1130
A4XYB5,2272,11,614,616
Q4F8I0,2273,235,11,1136,1715
Q8GHV6,610
P0AFX7,2274,11,170,169,2275
Q8SCY1,254,11,1626
P17637,11
A4XUA5,1303,2276,2277,11,834,2278
A4XP74,870,2279,2280,2281
Q00459,451,11,2282
A4XSM9,1927,1928,1710,11,249,1930,1929,252
A4XWS9,2283,2284,2285,1100,11,300,2149
A4XZ75,2286,2287,2288,1295,2289
P17405,1782,1780,11,1778,1002,1781,1779,1342
P0AGB6,1834,2290,11,2291,2292,32,2293,2294,523,2295
A4XW98,2296,11,217,2297
A4XWT1,2298,11,300,2149,301
Q8GI16,1784,450,11
Q54C11,2299,1232,11,2300,2301
Q8GR64,2302,655,999,1844,1937,11,2303,2304
A4XTS4,1071,2305,11
Q54CS6,11,2270,2269
A4XTK4,875,11,2306,2307,874,873,2308,1715
A4XYL9,1314,2309,2310,1717
A4XTZ6,1195,58,11,2311,2312,1638,2313,1640,59
A4Y0L1,278,1806,1808,1805,1617,11
Q91ZX7,327,2215,2222,330,2219,2221,11,2216,332,2218,329,2217,2220
A4XWU3,2010,142,11,629,2011,2314,2315,628,627
A4XZ88,1321,2316,2317
A4XY32,2318,2319,11,592,2320
A4XPQ6,2321,684,2322,11
A4XPM7,2323,11,1655,2324
P00280,1697,1695,1696,11,1165
A4Y0K5,2325,2326,1127,2327
Q8SDA8,11
A4XYF6,11,2328,2329,2330,314,2331,1885
P63102,2332,2333,2334,33,11
P63101,2332,2333,2334,33,11
A4XTE5,2335,2336,11,2337,2338,343,2339
Q51484,11,2340,2341
A4XWT5,11,1021,1022,1020,2342,1715,2343
A4XYJ7,1655,440,206,1658,11,2344,1657
A4XWR3,347,2345,11,2346,2347,2348,2349
A4XR58,1084,11,1564
A4XNX4,457,11,2350
A4XYW3,2351,131,11,2352
A4XPZ3,2353,2354,1638,2355,662,2356,2357
P08694,2358,2240,804,2359,1715,11
A4XWN5,2360,2361,2362,135,134
A4XWV4,11,2363,857,2364,2365,858
A4XPZ7,1312,11,2366,2367,2368,2369
O68564,11,1401,2370,2371
A4XZK7,11,2372,1305,2373
A4XZR8,1853,2374,11,154,1854,2375,2376,1852
Q52011,2377,1749,2378,524,11
Q8IS15,119,108,2379,11,2380,2381,2382
A6V0B3,2019,2018,1887,11,2020
Q02SG4,2019,2018,1887,11,2020
Q9X6V9,2019,2018,1887,11,2020
B7V8B6,2019,2018,1887,11,2020
A4XQU1,31,2383,2384,2385
A4XT74,620,2386
A6V7A6,1623,1622,11,1625,1624
A4XV03,11,190,2387
Q887P8,28,11,1715,2388,26,2389,2142,27,2390
A4XV08,2391,845
A4Y193,975,2392,2393,11,2394
Q5AHA0,1592,256,11,989,1638,259,1590,2395,1795,156,111,1591,1129,1587,1589
Q00594,11,2396,2397,2398,247,248
A4XZ73,2399,1597,2400,11,868,1574,2401,869
P13559,2402,1370
A4XZQ4,2403,402,2404,1949,11
A4XRT1,2405,185,2406
A4Y0F3,11,1068,2407,2408
Q9F131,11,1569,486
A4XZ64,277,2409,2410
A4XT24,1692,445,2411,2412,11,447,446,2413
P25131,1638,290,11
Q99PJ2,2299,11,2414,2415,2416
Q54B59,2417,1655,1832,1834,116,11
Q1ZXR0,11,1232,2299,2300,2418,2301
A4XPR2,766
P19453,11,255
A4XZ69,1324,2419
A4XW05,1858,385,1568,411,11,1857,2420
A4XNY5,2421,50,2422,51,2423,11,2424,2425
A4XPS6,2426,787,11
A4XZ78,2427,2428,2429,2430,838,839
A4XZ86,537,2431,2432,2433
Q55DU4,1383,11,2299,2434,2414
A4XTS1,2435,1348,536,2436,1889,11,1963,352,2437,576,2438,1887,2439,2440
A4XV04,297,2441,2442,2443,2444,2445,296,2446
A4XQN5,746,11,2447,2448,2449
P81593,2450
A4XZC5,1014,1654,2451,1568,2452
A4XXF3,11,2453,2454,309,2455
A4XPN9,11,2456,1633,2457,1636,379,377,1637,378
A4XU99,2104,11,385,2105,1568
A4XTN0,11,2458,2459,2460,73,72,75,2461,74,71
Q8SSQ3,11,119,2382,2380,108,2379
P0DTK6,1121
A4XPI6,2208,2462,2206,2207,11,2205,2204,136
A4XZ74,11,1201,2463
A4XQR5,2464,2465,2466,2467,1298,11,2468,2469
A4XUX4,2470,11,353,1887,2471,2472,352,1889,2473
A4XQP2,2474,1636,1248,11
Q54IV4,117,11,986,2475
A4XNJ7,2476,1275
Q7Y2D5,11,1378
A4XY53,541,2477,2478,2479
A4Y187,11,2480,2481,2482,1061,2483,1638,1062,1640
Q9HUK7,11
Q00458,450,1784,11
A4XT53,1638,11,2086,2484,2485,2486,405,404
A4Y1A2,226,1597,1574,2487
Q52186,648,2488,11,2438,2489,475,2490,2491,2492
A4XR36,2493,2494,55,2495
P26494,1749,1894,11,1407
A4XQV8,29,11
P23024,1219,1616,574,11
P08311,11,1586,2496,985,1585,2497,2059
A4XU11,1365,1694,1691,11,2498
A4XNB3,711,2499
Q54F80,11,1925,1374
A4XZ80,1301,2500,2501,2502
A4XQT0,339,2503,1574,2504
A4XUY0,2505,364,2506,1859
A4XV90,755,2507,11,756,2508,2509,2510,2511
A4XRN2,1063,2512
P21347,11,916,917,1836,918,1835
Q02KH5,1624,11,1622,1623,1625
P0ADV1,2513,11,538
A4XTR1,2113,2514,11,175
Q9Z5E9,2323,11,2324,1655
A4Y045,525
A4Y1A0,744,743,2515,2516,2517,11,2518
A4XXT7,1017,2519
A4XYL1,11,1218,2520,2521,1617,278,2522,2523,2524,1807,2525
Q18909,2120,2119,11
A4Y022,274,2526,11,1636
A4XYX3,385,2527,1568,11,1857
P22759,2528,2529,11,2052,2530,269
A4XPL8,2531,802
A4XWM0,11,336,335,2532,2533,2534,2535,2536,337
P0A154,1994,11,1996,1995,1834,1993,243,242,1832
P63104,2332,33,2334,2333,11
Q5R651,2332,33,2334,2333,11
P63103,2332,33,2334,2333,11
Q1ZXQ4,247,11,2537,2396,2397
P38099,5,11,2538,2539,2540,1033,2086
Q869W9,120,122,1655,11,114,1711,1709,1710,1712,107,1714,1713,361,1717,115,1718,1708,1715,123,1716
A4XTR0,1289
Q3T4M7,1234
A4XQK5,2541,2542,2543,78,79,2544,2545,2546,2547
P84764,2548
A4XVY5,2549,2550,2099,192,2551,11,194,193,2251,1576,196,2098,2552,195
A4XR54,2553,2554,1108
A4XVN5,710,11,2555
A4XYY3,1636,2556,11,274
Q59105,11,1095,1093,2557,2558,2559,1697,1239,1090,2560,2534
A4XQ16,2561,1638,11,298
A4XQS1,2562,2563,786
A4XWR2,2564,2565,777
Q54CJ4,1092
P47981,2160,1330
A4XVL7,619,1832,1834,11
A4XWM7,2566,128
A4XZ68,11,1056,2567,2568,1980,2569
Q8SQ28,255,11
A4XPX8,932,2570,11,2571,1576,1638
A4XWS1,2572,2573,799,2574,800,2575,11
A4XW26,258,11,2576,1576
A4XPY6,11,1638,2577,2578
P25960,11,998,2579
Q9AQI4,2361,134,2580,2581,2362,135
A4Y0K7,11,2582,2583,2584,902,901,2098
A4XXZ2,1208,2081,2082,1715,11,1207,2083
A4XY39,2329,1885,314,2331,2330,11,2585,2586
A4XZ85,11,2587,2588,2589,1309,2590
P03626,1638,290
A4XS59,736,2591,11,2592,1636
P0AC19,1828,11,540,2593
A4XP61,1617,1859,2594,973,278,2595,11
Q38067,188,11,2596,2597,2598
A4XSP7,707,11,2599
A0A0E4AE82,11,1749,524
A4XTS7,11,2600,2601,2602,837
A4XS49,383,2603
A4XTS5,11,1887,2604,1889,2473,2605,502,503
Q559M5,11
A4XVW1,11,1287,2606,2607,2608
O33499,1314,2309,1717,2310
P03630,2609,1487
Q9HY59,11,1660,1659
A4XPY7,2610,1253,2611,11
A4XP75,2612,856,2613,11,2614
A4XZ97,11,101,2615,2616,2617,2618,100,103,105,104,102,2619,2620,2621
P0DQT3,631
P84915,631
A4XVB5,1655,2622,125,11,2623
A4XYL4,2624,2625,2626,11,1284
P32265,11,2005,2004
P29361,2333,2332,2334,33,11
A4XZ90,1070,2627,11,2628,1771
A0A0E4AFG7,11,1569,486
A4XRQ7,1887,2629,913,2630,536,11,1889,1963,2631,2632,2633,2634,352
A4XSY1,2321,2635,674,11,673
A4XNV3,1569,2636,97,11
A4XSR4,2637,2147,11,348
A4XT90,2638,416,417
A4Y0P0,2639,2640,2641,2642,11,130
A4XZA1,2643,2644,2645,2646,572,2647,571
A4XR55,2648,521,2649,520,2650,11,2651
A4XTR2,1299,2652,2653,2654,11
A4XTZ4,2655,2656,678,676,2657,2658,11,677,2659
A4XWE6,11,138,2660
A4XQR9,11,2661,720,2662,722,2663,721,2664
Q38061,1236
Q54Y08,109,2665,1094,1925,11,2045,2666
A4XWR1,2667,1655,11
Q8G8B6,11,450,1784,938
A4XPY0,2668,1694,1691,168
A4XSR2,487,1638
A4XV11,2669,11,8
Q9AQI0,331,11,2670,1671
A0A0E4AFE3,11,2005,1297,2004,1346
U2ZU49,1655,11,2671,453
P00272,436,2672,11,2673
A4XQI3,2674,11,2675,1655,2676,270
A0A0C4VYV1,324,11,2677,2678
A4XWE0,341,2679
P17051,11,2680,435,1834
A4XPR4,830,829,831,2681,2682,2683,11,2684,2685
A4XWT8,2686,2687,11,494
Q9HWK6,11,1585,1586
A4XVG1,11,261,2688,260,1636,1637,2689
A4XZ77,11,2690,1188,2691
P68826,711,2499
A0A0S0N9S9,1638
A4XPN7,2692,2693,2694,1098
Q37906,1330,11,1995,243,1996,2160
P00102,1844,655,2695
A4XYX5,612,2696,11
A4XXN9,11,530,1655
A4XZY4,624,2697
A4XZJ3,1349,11,2698
Q8GI14,648,11,2438,475,2490,2489,2491,476,2488,2492
A4XRR1,611,11
G5EGD2,1588,11,581,250,2699
A4XNB9,1087,1715,1086,11,2700,2083,1085,2701
A4XRN0,2702,2703,788,11
Q9KJH8,524,1749,11
P85503,11,548
A4XSS3,2704,544,11,2705
Q9XVW1,1392,11
A4XZ89,2054,796,2055,11
A4XYL3,1213,2706,11
A4XYD9,1898,53,2707,2708
A4XWS2,2709,734,11,1568
A4XP63,225,2710,2541,11
Q52039,1715,2273,1136,11,235
A4XYE8,1655,11,187,2711
P35543,11,255
P04918,255,11
A4XZZ7,11,1655,410
A6V255,11,2712,1167,1638
Q02R29,1660,11,1659
A4XRP6,11,280
A4XR34,622
Q9I0D9,11,2713
A4XR64,2714,2715,545,2716,2717,11
A4XY24,2718,11,2719,552,2720,1568,420,2721
Q54P00,2722,11,1795,106
O01514,11,1435,2723,2724,1436
A4XZJ1,11,538,2725,1288
O15263,1045,1672,11
A4XR11,907,2726,2727,908,11,2142,1715
A4XZY6,2728,524,11,1749
D6RRG1,228
P9WKL5,11,1655,915
G5EBV0,986,11,1689,1688,667
A4XP18,11,240,2729
P85501,11,2730,1141
Q6TM72,11
A4XRL4,2731,11,561,1568
A4XT72,2732,304
A4XN73,17,2733,1887,11
A4XTZ3,1208,2081,1207,1715,2083,11,2082
A4XZ39,2734,11,497
A4XT57,560
Q54T06,1091,11,2735,2736
P85500,11,1139,1142
P0DJZ3,11
A4XRR9,1691,1153,1694,2737
A4XSC7,286,1568,2738
A0A0S0MVI5,1121
O06769,2739,2740,1391,1390,2741
A4Y1A3,11,894,2742
A4XZ72,2743,888,2744
A4XVG4,2745,1779,1002,2746,11
A4XQ45,11,2747,510
P27384,95
A4Y188,11,1313,2748,2749
P84767,11
A4XPN6,1640,11,58,2750,1638,59
A4XYL2,11,997,2751,1638,316,2752,2753,2754,2755
A4XUP3,11,2541,2756,654
P03671,11
A4XWE2,11,1887,575,2439,577,2757,1771,576,2758,2759,2760
A4Y0M0,2761,1317,2762
A4XPQ2,11,2763,2764,428
Q8MPA7,11,1685,1375,1686
A4XQ18,2765,11,83,2766,84
A4XZC6,2767,2768,1102,11,1103,2769
A4XQ48,995
Q54H55,2770,2682,1385,11,2771,1386,2685
A4XZA0,2772,2773,212,2774,2775,2776,11
P70343,2777,2778,390,1510,2779,2780,2781,2782,11,2783,2784
P70805,1271,2785,1719,2075,1720,2786,11
A4XY43,2787,1854,2788,11,1852,2789,1853,126
A4XWU0,2790,2791,2792,24,2793,11
A4XYG4,1160,11,2794,2795
A4XNK8,2796,2639,130,2642
P39049,1508,2797,11
A4XRJ0,11,2798,1700,2799,953,2800,2801,952,2802
Q54C94,108,2803,2804,11,2381,119,2382,2379
A4XZ91,2805,293,2806,2807
P59793,11,27,2388,26,2390,28,2389,2142,1715
Q04596,1994,11,1996,1993,243,1834,242,1832,1995
A4XZ84,1579,2808,737,2809,2810,11,2117,1898,1203
P17213,2811,11,2812,1004,2813,2814,1005
A4XQE4,160,2815,1771,1638,1945,1775,11,2816,161,159,2817,1798
A4XZ66,11,36,37,2818,2819,2820,2821
A4XUX3,11,21,2822,23,22,2823,2824,2825,2826,1715,2827,2828,2829
A4XQS5,2662,2830,11,2663,722,721,720
P12693,2204,2831,2208,2206,2207,136,11,2205
A4XQK7,866,11,2832
A4XPF7,2552,195,11,1576,2833,194,2098,2551
Q52040,11,1571,420,1572,1568,1233
A4XZ87,1576,2834,2835,2836,2837,1839,1311,1840,1320
A0A0H3JT80,519,11
C3VA26,1283,1937
A4XYY4,11,2208,2838,2204,136,2839,2205,2840
Q3UP24,1953,391,393,390,11,1638,2778,2841
Q01708,1720
A4XYF4,2842,2843,11,1279,1280,1715
P0DTK5,1120,1638
A4XPG4,569,2844,2845,2846
A4XSM8,11,781,2142,2050,2143,1715,780,2144,779
Q9I061,11
Q04628,11
P84818,11,1138
A4XS54,199,1636,2847,2848,11,1633,2849,1637,1576,2850,198,65,2851
P27391,847
P27381,11,1638
A4XQS4,11,1415,2852,1416
P26495,524,1749,11,2853
A4Y198,2854,1569,2855,11,2856,500,2857,2858,499
Q9I2Q1,11,2859
A4XYW1,2138,385,11,2860,2136,1857,823,822,2134,2137
A4Y044,2861,1837,967,1838,2862
P34749,2863,11,292,1737,809,2864,288,1736
P00100,655,1844,2695
C0HJH8,11,227
P27390,1234
Q0QFQ1,1569,486,11
A4XN72,505,2733,378,11
A4Y191,1308,11,2865,2866
A4XQV2,305,2867,11
A4XSW1,2868,11,1568,2869,561,2870
A4XXT4,1327,2871,1840,2872
P63000,11,1509,1638,2873,1775
A4XWS7,2874,1694,625,2875,1691
P27382,11
Q9HYC4,11
O95049,1439,2031,11,1638,1167,977,2876,2877,2878,2879
A4XQ67,872,2880,2881
P27379,11
A4XTF3,2882,2602,2601,837,11
P27378,2883,2884,848,2885
P27380,1628,11,254,1626
A4XP44,11,2886,315
A4XPZ2,2887,1887,1964,535,11
A4XZC2,2888,2052,11,2530,2889
P12692,436,11,2673,2672
A4XY40,11,2890,1310,854,2891,1967
A4Y186,2892,2893,2894,11,1329,1326
A4XZ81,1293,2895,1576
A4XZK6,2896,704,11,2897,1885
Q1LX78,1638,11,150,2898,392,2899,395,2900,1640
Q9HTR2,11,1624,1623
A4XQV6,641
P22079,11,1903,1555,2901
Q21148,397,11,2120,2119
A4XYD8,2902,11,2522,2520,638,2349,639,637
A4XVG2,11,2903,1636,2650,2651,1633,2904,1846,2905,319,318
A4XYC4,167,2906,1823
A4XU09,2907,2908,11,175,174,2113
A4Y189,2480,2909,11,2483,1060,1638,2910,1061,1062,2911,2912
A4XYG7,2913,11,466,2914,2915,1568,2916
A4XUY1,2917,2918,1114,1113,1859
A4XV81,11,2919,1319,156,1590,2920,2921,1574
A0A0E4AE72,1749,11,524
A4XQS6,2510,2922,2511,11,2923,2924,1246,1245
Q6TM71,11
A4XT55,2925,1101,2926,2927
P17202,2204,136,2206,11,2207,2208,2831,2205
A4XZB1,834,2277,2928,2929,2930,11
A4XSD0,1304,1655,2931,11
A4XQ47,2932,2933,11,972
A4XPI5,11,1569,1983,2934,578,579
Q38066,289
A4XRS1,1076,2935,11,1075,1832,1834,1074,1638,1640
A4XQ41,11,1823,2936,2937,2906
A4XZJ6,1779,11,1002,2938
A4Y091,615,2939
Q59WG0,11,2940,2941,825,2942,2943
A4XQR6,498,1655,2944
A4XYG1,152,2945,2946
Q00457,2947,11,449
A4XUY2,2948,1576,1097,1580
A4XYE4,745,2949,1568,2950,2951
A4XPX3,80,2952,2953
Q9XUK2,397,2119,11
A4XPP1,245,2327,2954,2955
Q93JY3,1624,11,2956,1482,1623,1481,2957
A4XS57,2958,700,2959,11,2960
A4XTZ5,2961,2962,11,2963,773,2050
O76145,591,11
Q9S4U0,331,11,1670,1671
Q9I783,2964
Q00456,11,2053,2052,448
A4XSN5,243,1994,242,1995,11,1834,1832,1993,1996
Q03304,2438,2489,476,11,648,2492,2490,475,2965,2488,2491
P0A2F0,1834,2295,2290,2292,11,2294,523,2293,2291,32
Q93LJ4,253,2000,2001,11,1999
B2TEK6,11,895,1568
Q8KR08,259,435,1587,1834,11,2680
P12691,2966,363
A4XWQ3,1834,508
Q9NP55,11,2813,1004
A4XP70,2511,11,2967,1300,2510,2968,1322
Q9XU42,1795,11,414,110,1794,111
A4XNC8,747,1568,1654,11,2969
Q8IG69,11,397,2120,2119
A4Y119,11,323,2970
A4XWR4,900,2971,2972
P0DTK8,2454,309
A4XZZ8,2973,11,767,1568
A4Y083,2974,1568,1654,927,11
A4XQQ3,2975,2976,2977,1040
A4XQ60,585,2978,2979,2980,11,584
P40695,11,2981
A4XQ17,910,2982,11
P84914,631
A4XYM0,1931,1932,1934,1933,11,1935,437
Q0QFQ2,11,394,2168,1727,1796
A4Y0K9,700,2960,2983,2958